dataset,abordagem,spearman,auc_perda,perda_t1,perda_t2,perda_t3,perda_t4,perda_t5,perda_t6
a1,AR,0.8285714285714287,1.908676513234783e-05,0.00011452059079408697,0.0,0.0,0.0,0.0,0.0
a1,MR,0.9276336570439174,0.0,0.0,0.0,0.0,0.0,0.0,0.0
a1,Vitorias_Significativas,0.8285714285714287,1.908676513234783e-05,0.00011452059079408697,0.0,0.0,0.0,0.0,0.0
a1,Abordagem_1,1.0,0.0,0.0,0.0,0.0,0.0,0.0,0.0
a1,Abordagem_2,0.8857142857142858,1.908676513234783e-05,0.00011452059079408697,0.0,0.0,0.0,0.0,0.0
a1,HARRIS_lambda=0.0,0.942857142857143,0.0,0.0,0.0,0.0,0.0,0.0,0.0
a1,HARRIS_lambda=0.25,0.8285714285714287,1.908676513234783e-05,0.00011452059079408697,0.0,0.0,0.0,0.0,0.0
a1,HARRIS,0.8285714285714287,1.908676513234783e-05,0.00011452059079408697,0.0,0.0,0.0,0.0,0.0
a1,HARRIS_lambda=0.75,0.8285714285714287,1.908676513234783e-05,0.00011452059079408697,0.0,0.0,0.0,0.0,0.0
a1,HARRIS_lambda=1.0,0.8285714285714287,1.908676513234783e-05,0.00011452059079408697,0.0,0.0,0.0,0.0,0.0
a2,AR,0.8857142857142858,0.0,0.0,0.0,0.0,0.0,0.0,0.0
a2,MR,0.9276336570439174,9.599882166403003e-07,5.759929299841802e-06,0.0,0.0,0.0,0.0,0.0
a2,Vitorias_Significativas,0.8857142857142858,0.0,0.0,0.0,0.0,0.0,0.0,0.0
a2,Abordagem_1,0.8857142857142858,9.599882166403003e-07,5.759929299841802e-06,0.0,0.0,0.0,0.0,0.0
a2,Abordagem_2,1.0,0.0,0.0,0.0,0.0,0.0,0.0,0.0
a2,HARRIS_lambda=0.0,0.8857142857142858,0.0,0.0,0.0,0.0,0.0,0.0,0.0
a2,HARRIS_lambda=0.25,0.8857142857142858,0.0,0.0,0.0,0.0,0.0,0.0,0.0
a2,HARRIS,0.8857142857142858,0.0,0.0,0.0,0.0,0.0,0.0,0.0
a2,HARRIS_lambda=0.75,0.8857142857142858,0.0,0.0,0.0,0.0,0.0,0.0,0.0
a2,HARRIS_lambda=1.0,0.8857142857142858,0.0,0.0,0.0,0.0,0.0,0.0,0.0
a3,AR,0.8857142857142858,0.0,0.0,0.0,0.0,0.0,0.0,0.0
a3,MR,0.9276336570439174,2.610370221010955e-05,0.0001566222132606573,0.0,0.0,0.0,0.0,0.0
a3,Vitorias_Significativas,0.8857142857142858,0.0,0.0,0.0,0.0,0.0,0.0,0.0
a3,Abordagem_1,0.8857142857142858,2.610370221010955e-05,0.0001566222132606573,0.0,0.0,0.0,0.0,0.0
a3,Abordagem_2,0.9856107606091624,2.610370221010955e-05,0.0001566222132606573,0.0,0.0,0.0,0.0,0.0
a3,HARRIS_lambda=0.0,0.942857142857143,0.0,0.0,0.0,0.0,0.0,0.0,0.0
a3,HARRIS_lambda=0.25,0.8857142857142858,0.0,0.0,0.0,0.0,0.0,0.0,0.0
a3,HARRIS,0.8857142857142858,0.0,0.0,0.0,0.0,0.0,0.0,0.0
a3,HARRIS_lambda=0.75,0.8857142857142858,0.0,0.0,0.0,0.0,0.0,0.0,0.0
a3,HARRIS_lambda=1.0,0.8857142857142858,0.0,0.0,0.0,0.0,0.0,0.0,0.0
a7,AR,0.8857142857142858,0.0,0.0,0.0,0.0,0.0,0.0,0.0
a7,MR,0.9276336570439174,8.040716333449445e-07,4.824429800069667e-06,0.0,0.0,0.0,0.0,0.0
a7,Vitorias_Significativas,0.9276336570439174,0.0,0.0,0.0,0.0,0.0,0.0,0.0
a7,Abordagem_1,0.8857142857142858,8.040716333449445e-07,4.824429800069667e-06,0.0,0.0,0.0,0.0,0.0
a7,Abordagem_2,1.0,0.0,0.0,0.0,0.0,0.0,0.0,0.0
a7,HARRIS_lambda=0.0,0.6,4.5439832160824994e-06,2.7263899296495e-05,0.0,0.0,0.0,0.0,0.0
a7,HARRIS_lambda=0.25,0.8857142857142858,0.0,0.0,0.0,0.0,0.0,0.0,0.0
a7,HARRIS,0.8857142857142858,0.0,0.0,0.0,0.0,0.0,0.0,0.0
a7,HARRIS_lambda=0.75,0.8857142857142858,0.0,0.0,0.0,0.0,0.0,0.0,0.0
a7,HARRIS_lambda=1.0,0.8857142857142858,0.0,0.0,0.0,0.0,0.0,0.0,0.0
abalone,AR,0.942857142857143,0.0,0.0,0.0,0.0,0.0,0.0,0.0
abalone,MR,0.9710083124552246,0.028973088186546436,0.1738385291192786,0.0,0.0,0.0,0.0,0.0
abalone,Vitorias_Significativas,0.942857142857143,0.0,0.0,0.0,0.0,0.0,0.0,0.0
abalone,Abordagem_1,0.942857142857143,0.0,0.0,0.0,0.0,0.0,0.0,0.0
abalone,Abordagem_2,0.6,0.0,0.0,0.0,0.0,0.0,0.0,0.0
abalone,HARRIS_lambda=0.0,0.942857142857143,0.0,0.0,0.0,0.0,0.0,0.0,0.0
abalone,HARRIS_lambda=0.25,0.942857142857143,0.0,0.0,0.0,0.0,0.0,0.0,0.0
abalone,HARRIS,0.942857142857143,0.0,0.0,0.0,0.0,0.0,0.0,0.0
abalone,HARRIS_lambda=0.75,0.942857142857143,0.0,0.0,0.0,0.0,0.0,0.0,0.0
abalone,HARRIS_lambda=1.0,0.942857142857143,0.0,0.0,0.0,0.0,0.0,0.0,0.0
acceleration,AR,0.942857142857143,0.0,0.0,0.0,0.0,0.0,0.0,0.0
acceleration,MR,0.9710083124552246,0.0025351079439596682,0.01521064766375801,0.0,0.0,0.0,0.0,0.0
acceleration,Vitorias_Significativas,0.8857142857142858,0.0,0.0,0.0,0.0,0.0,0.0,0.0
acceleration,Abordagem_1,1.0,0.0,0.0,0.0,0.0,0.0,0.0,0.0
acceleration,Abordagem_2,0.942857142857143,0.0025351079439596682,0.01521064766375801,0.0,0.0,0.0,0.0,0.0
acceleration,HARRIS_lambda=0.0,0.942857142857143,0.0,0.0,0.0,0.0,0.0,0.0,0.0
acceleration,HARRIS_lambda=0.25,0.942857142857143,0.0,0.0,0.0,0.0,0.0,0.0,0.0
acceleration,HARRIS,0.942857142857143,0.0,0.0,0.0,0.0,0.0,0.0,0.0
acceleration,HARRIS_lambda=0.75,0.942857142857143,0.0,0.0,0.0,0.0,0.0,0.0,0.0
acceleration,HARRIS_lambda=1.0,0.942857142857143,0.0,0.0,0.0,0.0,0.0,0.0,0.0
airfoild,AR,0.6571428571428573,0.00018852628561434915,0.00037705257122869825,0.00037705257122869825,0.00037705257122869825,0.0,0.0,0.0
airfoild,MR,0.6767633692869747,0.007958646725697367,0.0469977752117268,0.00037705257122869825,0.00037705257122869825,0.0,0.0,0.0
airfoild,Vitorias_Significativas,0.6571428571428573,0.00018852628561434915,0.00037705257122869825,0.00037705257122869825,0.00037705257122869825,0.0,0.0,0.0
airfoild,Abordagem_1,0.8285714285714287,0.00012568419040956608,0.00037705257122869825,0.00037705257122869825,0.0,0.0,0.0,0.0
airfoild,Abordagem_2,0.7714285714285715,0.00012568419040956608,0.00037705257122869825,0.00037705257122869825,0.0,0.0,0.0,0.0
airfoild,HARRIS_lambda=0.0,0.8285714285714287,0.00012568419040956608,0.00037705257122869825,0.00037705257122869825,0.0,0.0,0.0,0.0
airfoild,HARRIS_lambda=0.25,0.8285714285714287,0.00012568419040956608,0.00037705257122869825,0.00037705257122869825,0.0,0.0,0.0,0.0
airfoild,HARRIS,0.8285714285714287,0.00012568419040956608,0.00037705257122869825,0.00037705257122869825,0.0,0.0,0.0,0.0
airfoild,HARRIS_lambda=0.75,0.8285714285714287,0.00012568419040956608,0.00037705257122869825,0.00037705257122869825,0.0,0.0,0.0,0.0
airfoild,HARRIS_lambda=1.0,0.8285714285714287,0.00012568419040956608,0.00037705257122869825,0.00037705257122869825,0.0,0.0,0.0,0.0
analcatdata_apnea3,AR,0.942857142857143,0.0,0.0,0.0,0.0,0.0,0.0,0.0
analcatdata_apnea3,MR,0.8696565534786727,0.0012725721109842247,0.007635432665905348,0.0,0.0,0.0,0.0,0.0
analcatdata_apnea3,Vitorias_Significativas,0.9856107606091624,0.0,0.0,0.0,0.0,0.0,0.0,0.0
analcatdata_apnea3,Abordagem_1,0.8857142857142858,0.0,0.0,0.0,0.0,0.0,0.0,0.0
analcatdata_apnea3,Abordagem_2,0.8285714285714287,0.0,0.0,0.0,0.0,0.0,0.0,0.0
analcatdata_apnea3,HARRIS_lambda=0.0,0.6571428571428573,0.00777641414746225,0.0466584848847735,0.0,0.0,0.0,0.0,0.0
analcatdata_apnea3,HARRIS_lambda=0.25,0.942857142857143,0.0,0.0,0.0,0.0,0.0,0.0,0.0
analcatdata_apnea3,HARRIS,0.942857142857143,0.0,0.0,0.0,0.0,0.0,0.0,0.0
analcatdata_apnea3,HARRIS_lambda=0.75,0.942857142857143,0.0,0.0,0.0,0.0,0.0,0.0,0.0
analcatdata_apnea3,HARRIS_lambda=1.0,0.942857142857143,0.0,0.0,0.0,0.0,0.0,0.0,0.0
available_power,AR,0.942857142857143,0.0,0.0,0.0,0.0,0.0,0.0,0.0
available_power,MR,0.9710083124552246,0.0002177320401491715,0.001306392240895029,0.0,0.0,0.0,0.0,0.0
available_power,Vitorias_Significativas,0.8857142857142858,0.0,0.0,0.0,0.0,0.0,0.0,0.0
available_power,Abordagem_1,0.942857142857143,0.0,0.0,0.0,0.0,0.0,0.0,0.0
available_power,Abordagem_2,0.5428571428571429,0.0002177320401491715,0.001306392240895029,0.0,0.0,0.0,0.0,0.0
available_power,HARRIS_lambda=0.0,0.942857142857143,0.0,0.0,0.0,0.0,0.0,0.0,0.0
available_power,HARRIS_lambda=0.25,0.942857142857143,0.0,0.0,0.0,0.0,0.0,0.0,0.0
available_power,HARRIS,0.942857142857143,0.0,0.0,0.0,0.0,0.0,0.0,0.0
available_power,HARRIS_lambda=0.75,0.942857142857143,0.0,0.0,0.0,0.0,0.0,0.0,0.0
available_power,HARRIS_lambda=1.0,0.942857142857143,0.0,0.0,0.0,0.0,0.0,0.0,0.0
boston,AR,0.8406680016960504,0.004128714225940694,0.02477228535564416,0.0,0.0,0.0,0.0,0.0
boston,MR,0.7650368522374495,0.0,0.0,0.0,0.0,0.0,0.0,0.0
boston,Vitorias_Significativas,0.7714285714285715,0.004128714225940694,0.02477228535564416,0.0,0.0,0.0,0.0,0.0
boston,Abordagem_1,0.8285714285714287,0.0,0.0,0.0,0.0,0.0,0.0,0.0
boston,Abordagem_2,0.7714285714285715,0.004128714225940694,0.02477228535564416,0.0,0.0,0.0,0.0,0.0
boston,HARRIS_lambda=0.0,0.7142857142857143,0.02554388931607819,0.128491050540825,0.02477228535564416,0.0,0.0,0.0,0.0
boston,HARRIS_lambda=0.25,0.8857142857142858,0.004128714225940694,0.02477228535564416,0.0,0.0,0.0,0.0,0.0
boston,HARRIS,0.8857142857142858,0.004128714225940694,0.02477228535564416,0.0,0.0,0.0,0.0,0.0
boston,HARRIS_lambda=0.75,0.8857142857142858,0.004128714225940694,0.02477228535564416,0.0,0.0,0.0,0.0,0.0
boston,HARRIS_lambda=1.0,0.8857142857142858,0.004128714225940694,0.02477228535564416,0.0,0.0,0.0,0.0,0.0
california,AR,1.0,0.0,0.0,0.0,0.0,0.0,0.0,0.0
california,MR,0.9121593238215745,0.007499628905982012,0.04499777343589207,0.0,0.0,0.0,0.0,0.0
california,Vitorias_Significativas,0.9856107606091624,0.0,0.0,0.0,0.0,0.0,0.0,0.0
california,Abordagem_1,0.7714285714285715,0.0,0.0,0.0,0.0,0.0,0.0,0.0
california,Abordagem_2,0.8857142857142858,0.0,0.0,0.0,0.0,0.0,0.0,0.0
california,HARRIS_lambda=0.0,0.8285714285714287,0.013386972757992279,0.08032183654795368,0.0,0.0,0.0,0.0,0.0
california,HARRIS_lambda=0.25,0.8285714285714287,0.013386972757992279,0.08032183654795368,0.0,0.0,0.0,0.0,0.0
california,HARRIS,0.8285714285714287,0.013386972757992279,0.08032183654795368,0.0,0.0,0.0,0.0,0.0
california,HARRIS_lambda=0.75,0.8285714285714287,0.013386972757992279,0.08032183654795368,0.0,0.0,0.0,0.0,0.0
california,HARRIS_lambda=1.0,0.8285714285714287,0.013386972757992279,0.08032183654795368,0.0,0.0,0.0,0.0,0.0
cocomo_numeric,AR,0.5428571428571429,0.013665799616424737,0.08199479769854842,0.0,0.0,0.0,0.0,0.0
cocomo_numeric,MR,0.3768511731740915,0.0,0.0,0.0,0.0,0.0,0.0,0.0
cocomo_numeric,Vitorias_Significativas,0.48571428571428577,0.013665799616424737,0.08199479769854842,0.0,0.0,0.0,0.0,0.0
cocomo_numeric,Abordagem_1,-0.5428571428571429,0.05466319846569895,0.08199479769854842,0.08199479769854842,0.08199479769854842,0.08199479769854842,0.0,0.0
cocomo_numeric,Abordagem_2,0.2571428571428572,0.013665799616424737,0.08199479769854842,0.0,0.0,0.0,0.0,0.0
cocomo_numeric,HARRIS_lambda=0.0,0.2571428571428572,0.013665799616424737,0.08199479769854842,0.0,0.0,0.0,0.0,0.0
cocomo_numeric,HARRIS_lambda=0.25,0.5428571428571429,0.013665799616424737,0.08199479769854842,0.0,0.0,0.0,0.0,0.0
cocomo_numeric,HARRIS,0.5428571428571429,0.013665799616424737,0.08199479769854842,0.0,0.0,0.0,0.0,0.0
cocomo_numeric,HARRIS_lambda=0.75,0.5428571428571429,0.013665799616424737,0.08199479769854842,0.0,0.0,0.0,0.0,0.0
cocomo_numeric,HARRIS_lambda=1.0,0.5428571428571429,0.013665799616424737,0.08199479769854842,0.0,0.0,0.0,0.0,0.0
compactiv,AR,0.942857142857143,0.0003294504907726101,0.001976702944635661,0.0,0.0,0.0,0.0,0.0
compactiv,MR,0.9121593238215745,0.0,0.0,0.0,0.0,0.0,0.0,0.0
compactiv,Vitorias_Significativas,0.8857142857142858,0.0003294504907726101,0.001976702944635661,0.0,0.0,0.0,0.0,0.0
compactiv,Abordagem_1,0.7714285714285715,0.004047759443652726,0.022309853717280694,0.001976702944635661,0.0,0.0,0.0,0.0
compactiv,Abordagem_2,0.942857142857143,0.0,0.0,0.0,0.0,0.0,0.0,0.0
compactiv,HARRIS_lambda=0.0,0.942857142857143,0.0003294504907726101,0.001976702944635661,0.0,0.0,0.0,0.0,0.0
compactiv,HARRIS_lambda=0.25,0.942857142857143,0.0003294504907726101,0.001976702944635661,0.0,0.0,0.0,0.0,0.0
compactiv,HARRIS,0.942857142857143,0.0003294504907726101,0.001976702944635661,0.0,0.0,0.0,0.0,0.0
compactiv,HARRIS_lambda=0.75,0.942857142857143,0.0003294504907726101,0.001976702944635661,0.0,0.0,0.0,0.0,0.0
compactiv,HARRIS_lambda=1.0,0.942857142857143,0.0003294504907726101,0.001976702944635661,0.0,0.0,0.0,0.0,0.0
concreteStrength,AR,0.942857142857143,0.00449744535673511,0.026984672140410663,0.0,0.0,0.0,0.0,0.0
concreteStrength,MR,0.9121593238215745,0.0,0.0,0.0,0.0,0.0,0.0,0.0
concreteStrength,Vitorias_Significativas,0.9276336570439174,0.00449744535673511,0.026984672140410663,0.0,0.0,0.0,0.0,0.0
concreteStrength,Abordagem_1,0.942857142857143,0.00449744535673511,0.026984672140410663,0.0,0.0,0.0,0.0,0.0
concreteStrength,Abordagem_2,0.8857142857142858,0.00449744535673511,0.026984672140410663,0.0,0.0,0.0,0.0,0.0
concreteStrength,HARRIS_lambda=0.0,0.942857142857143,0.00449744535673511,0.026984672140410663,0.0,0.0,0.0,0.0,0.0
concreteStrength,HARRIS_lambda=0.25,0.942857142857143,0.00449744535673511,0.026984672140410663,0.0,0.0,0.0,0.0,0.0
concreteStrength,HARRIS,0.942857142857143,0.00449744535673511,0.026984672140410663,0.0,0.0,0.0,0.0,0.0
concreteStrength,HARRIS_lambda=0.75,0.942857142857143,0.00449744535673511,0.026984672140410663,0.0,0.0,0.0,0.0,0.0
concreteStrength,HARRIS_lambda=1.0,0.942857142857143,0.00449744535673511,0.026984672140410663,0.0,0.0,0.0,0.0,0.0
cpu_small,AR,0.8857142857142858,0.00038194125687880583,0.002291647541272835,0.0,0.0,0.0,0.0,0.0
cpu_small,MR,0.9710083124552246,0.0,0.0,0.0,0.0,0.0,0.0,0.0
cpu_small,Vitorias_Significativas,0.8696565534786727,0.00038194125687880583,0.002291647541272835,0.0,0.0,0.0,0.0,0.0
cpu_small,Abordagem_1,0.7142857142857143,0.005595957597978746,0.031284098046599644,0.002291647541272835,0.0,0.0,0.0,0.0
cpu_small,Abordagem_2,0.8857142857142858,0.00038194125687880583,0.002291647541272835,0.0,0.0,0.0,0.0,0.0
cpu_small,HARRIS_lambda=0.0,0.8857142857142858,0.00038194125687880583,0.002291647541272835,0.0,0.0,0.0,0.0,0.0
cpu_small,HARRIS_lambda=0.25,0.8857142857142858,0.00038194125687880583,0.002291647541272835,0.0,0.0,0.0,0.0,0.0
cpu_small,HARRIS,0.8857142857142858,0.00038194125687880583,0.002291647541272835,0.0,0.0,0.0,0.0,0.0
cpu_small,HARRIS_lambda=0.75,0.8857142857142858,0.00038194125687880583,0.002291647541272835,0.0,0.0,0.0,0.0,0.0
cpu_small,HARRIS_lambda=1.0,0.8857142857142858,0.00038194125687880583,0.002291647541272835,0.0,0.0,0.0,0.0,0.0
debutanizer,AR,0.48571428571428577,0.0,0.0,0.0,0.0,0.0,0.0,0.0
debutanizer,MR,0.5296408977028497,0.04502853957348682,0.2701712374409209,0.0,0.0,0.0,0.0,0.0
debutanizer,Vitorias_Significativas,0.48571428571428577,0.0,0.0,0.0,0.0,0.0,0.0,0.0
debutanizer,Abordagem_1,0.6,0.0,0.0,0.0,0.0,0.0,0.0,0.0
debutanizer,Abordagem_2,0.3714285714285715,0.0,0.0,0.0,0.0,0.0,0.0,0.0
debutanizer,HARRIS_lambda=0.0,0.48571428571428577,0.0,0.0,0.0,0.0,0.0,0.0,0.0
debutanizer,HARRIS_lambda=0.25,0.6,0.0,0.0,0.0,0.0,0.0,0.0,0.0
debutanizer,HARRIS,0.5428571428571429,0.0,0.0,0.0,0.0,0.0,0.0,0.0
debutanizer,HARRIS_lambda=0.75,0.5428571428571429,0.0,0.0,0.0,0.0,0.0,0.0,0.0
debutanizer,HARRIS_lambda=1.0,0.5428571428571429,0.0,0.0,0.0,0.0,0.0,0.0,0.0
forestFires,AR,0.028571428571428574,0.14878133400916402,0.22988416051976515,0.22093461451173968,0.22093461451173968,0.22093461451173968,0.0,0.0
forestFires,MR,-0.11595420713048968,0.18411217875978306,0.22093461451173968,0.22093461451173968,0.22093461451173968,0.22093461451173968,0.22093461451173968,0.0
forestFires,Vitorias_Significativas,0.05797710356524484,0.14878133400916402,0.22988416051976515,0.22093461451173968,0.22093461451173968,0.22093461451173968,0.0,0.0
forestFires,Abordagem_1,0.08571428571428573,0.14878133400916402,0.22988416051976515,0.22093461451173968,0.22093461451173968,0.22093461451173968,0.0,0.0
forestFires,Abordagem_2,0.08571428571428573,0.14878133400916402,0.22988416051976515,0.22093461451173968,0.22093461451173968,0.22093461451173968,0.0,0.0
forestFires,HARRIS_lambda=0.0,0.08571428571428573,0.14878133400916402,0.22988416051976515,0.22093461451173968,0.22093461451173968,0.22093461451173968,0.0,0.0
forestFires,HARRIS_lambda=0.25,0.028571428571428574,0.14878133400916402,0.22988416051976515,0.22093461451173968,0.22093461451173968,0.22093461451173968,0.0,0.0
forestFires,HARRIS,0.028571428571428574,0.14878133400916402,0.22988416051976515,0.22093461451173968,0.22093461451173968,0.22093461451173968,0.0,0.0
forestFires,HARRIS_lambda=0.75,0.028571428571428574,0.14878133400916402,0.22988416051976515,0.22093461451173968,0.22093461451173968,0.22093461451173968,0.0,0.0
forestFires,HARRIS_lambda=1.0,0.028571428571428574,0.14878133400916402,0.22988416051976515,0.22093461451173968,0.22093461451173968,0.22093461451173968,0.0,0.0
fuel_consumption_country,AR,0.942857142857143,0.0,0.0,0.0,0.0,0.0,0.0,0.0
fuel_consumption_country,MR,0.9710083124552246,0.00022207893081810067,0.001332473584908604,0.0,0.0,0.0,0.0,0.0
fuel_consumption_country,Vitorias_Significativas,0.9276336570439174,0.0,0.0,0.0,0.0,0.0,0.0,0.0
fuel_consumption_country,Abordagem_1,0.942857142857143,0.00022207893081810067,0.001332473584908604,0.0,0.0,0.0,0.0,0.0
fuel_consumption_country,Abordagem_2,1.0,0.0,0.0,0.0,0.0,0.0,0.0,0.0
fuel_consumption_country,HARRIS_lambda=0.0,0.942857142857143,0.0,0.0,0.0,0.0,0.0,0.0,0.0
fuel_consumption_country,HARRIS_lambda=0.25,0.942857142857143,0.0,0.0,0.0,0.0,0.0,0.0,0.0
fuel_consumption_country,HARRIS,0.942857142857143,0.0,0.0,0.0,0.0,0.0,0.0,0.0
fuel_consumption_country,HARRIS_lambda=0.75,0.942857142857143,0.0,0.0,0.0,0.0,0.0,0.0,0.0
fuel_consumption_country,HARRIS_lambda=1.0,0.942857142857143,0.0,0.0,0.0,0.0,0.0,0.0,0.0
heat,AR,0.7142857142857143,0.0,0.0,0.0,0.0,0.0,0.0,0.0
heat,MR,0.7356123579206245,0.007235720132978555,0.04341432079787133,0.0,0.0,0.0,0.0,0.0
heat,Vitorias_Significativas,0.753702346348183,0.0,0.0,0.0,0.0,0.0,0.0,0.0
heat,Abordagem_1,0.6,0.007235720132978555,0.04341432079787133,0.0,0.0,0.0,0.0,0.0
heat,Abordagem_2,0.3714285714285715,0.0,0.0,0.0,0.0,0.0,0.0,0.0
heat,HARRIS_lambda=0.0,0.7142857142857143,0.0,0.0,0.0,0.0,0.0,0.0,0.0
heat,HARRIS_lambda=0.25,0.7142857142857143,0.0,0.0,0.0,0.0,0.0,0.0,0.0
heat,HARRIS,0.7142857142857143,0.0,0.0,0.0,0.0,0.0,0.0,0.0
heat,HARRIS_lambda=0.75,0.7142857142857143,0.0,0.0,0.0,0.0,0.0,0.0,0.0
heat,HARRIS_lambda=1.0,0.7142857142857143,0.0,0.0,0.0,0.0,0.0,0.0,0.0
kdd_coil_1,AR,0.7142857142857143,0.006513783364684708,0.03908270018810825,0.0,0.0,0.0,0.0,0.0
kdd_coil_1,MR,0.5797710356524485,0.0,0.0,0.0,0.0,0.0,0.0,0.0
kdd_coil_1,Vitorias_Significativas,0.7142857142857143,0.006513783364684708,0.03908270018810825,0.0,0.0,0.0,0.0,0.0
kdd_coil_1,Abordagem_1,0.4285714285714286,0.013027566729369416,0.03908270018810825,0.03908270018810825,0.0,0.0,0.0,0.0
kdd_coil_1,Abordagem_2,0.942857142857143,0.0,0.0,0.0,0.0,0.0,0.0,0.0
kdd_coil_1,HARRIS_lambda=0.0,0.7714285714285715,0.006513783364684708,0.03908270018810825,0.0,0.0,0.0,0.0,0.0
kdd_coil_1,HARRIS_lambda=0.25,0.7142857142857143,0.006513783364684708,0.03908270018810825,0.0,0.0,0.0,0.0,0.0
kdd_coil_1,HARRIS,0.7142857142857143,0.006513783364684708,0.03908270018810825,0.0,0.0,0.0,0.0,0.0
kdd_coil_1,HARRIS_lambda=0.75,0.7142857142857143,0.006513783364684708,0.03908270018810825,0.0,0.0,0.0,0.0,0.0
kdd_coil_1,HARRIS_lambda=1.0,0.7142857142857143,0.006513783364684708,0.03908270018810825,0.0,0.0,0.0,0.0,0.0
lungcancer_shedden,AR,0.2,0.07708886632351877,0.11563329948527816,0.11563329948527816,0.11563329948527816,0.11563329948527816,0.0,0.0
lungcancer_shedden,MR,-0.05797710356524484,0.09999973184921923,0.13746519315420272,0.11563329948527816,0.11563329948527816,0.11563329948527816,0.11563329948527816,0.0
lungcancer_shedden,Vitorias_Significativas,0.2608969660436018,0.07708886632351877,0.11563329948527816,0.11563329948527816,0.11563329948527816,0.11563329948527816,0.0,0.0
lungcancer_shedden,Abordagem_1,-0.08571428571428573,0.09999973184921923,0.13746519315420272,0.11563329948527816,0.11563329948527816,0.11563329948527816,0.11563329948527816,0.0
lungcancer_shedden,Abordagem_2,0.2,0.07708886632351877,0.11563329948527816,0.11563329948527816,0.11563329948527816,0.11563329948527816,0.0,0.0
lungcancer_shedden,HARRIS_lambda=0.0,0.2,0.07708886632351877,0.11563329948527816,0.11563329948527816,0.11563329948527816,0.11563329948527816,0.0,0.0
lungcancer_shedden,HARRIS_lambda=0.25,0.2,0.07708886632351877,0.11563329948527816,0.11563329948527816,0.11563329948527816,0.11563329948527816,0.0,0.0
lungcancer_shedden,HARRIS,0.2,0.07708886632351877,0.11563329948527816,0.11563329948527816,0.11563329948527816,0.11563329948527816,0.0,0.0
lungcancer_shedden,HARRIS_lambda=0.75,0.2,0.07708886632351877,0.11563329948527816,0.11563329948527816,0.11563329948527816,0.11563329948527816,0.0,0.0
lungcancer_shedden,HARRIS_lambda=1.0,0.2,0.07708886632351877,0.11563329948527816,0.11563329948527816,0.11563329948527816,0.11563329948527816,0.0,0.0
maximal_torque,AR,0.8857142857142858,5.452975656433257e-06,3.2717853938599545e-05,0.0,0.0,0.0,0.0,0.0
maximal_torque,MR,0.9710083124552246,0.0,0.0,0.0,0.0,0.0,0.0,0.0
maximal_torque,Vitorias_Significativas,0.8285714285714287,5.452975656433257e-06,3.2717853938599545e-05,0.0,0.0,0.0,0.0,0.0
maximal_torque,Abordagem_1,0.942857142857143,5.452975656433257e-06,3.2717853938599545e-05,0.0,0.0,0.0,0.0,0.0
maximal_torque,Abordagem_2,0.8857142857142858,5.452975656433257e-06,3.2717853938599545e-05,0.0,0.0,0.0,0.0,0.0
maximal_torque,HARRIS_lambda=0.0,0.8857142857142858,5.452975656433257e-06,3.2717853938599545e-05,0.0,0.0,0.0,0.0,0.0
maximal_torque,HARRIS_lambda=0.25,0.7142857142857143,2.846682217409231e-05,0.00013808307910595432,3.2717853938599545e-05,0.0,0.0,0.0,0.0
maximal_torque,HARRIS,0.8857142857142858,5.452975656433257e-06,3.2717853938599545e-05,0.0,0.0,0.0,0.0,0.0
maximal_torque,HARRIS_lambda=0.75,0.8857142857142858,5.452975656433257e-06,3.2717853938599545e-05,0.0,0.0,0.0,0.0,0.0
maximal_torque,HARRIS_lambda=1.0,0.8857142857142858,5.452975656433257e-06,3.2717853938599545e-05,0.0,0.0,0.0,0.0,0.0
meta,AR,-0.2571428571428572,0.40069541268143544,0.6010431190221531,0.6010431190221531,0.6010431190221531,0.6010431190221531,0.0,0.0
meta,MR,-0.4928053803045812,0.5673620793481021,1.0,0.6010431190221531,0.6010431190221531,0.6010431190221531,0.6010431190221531,0.0
meta,Vitorias_Significativas,-0.28988551782622424,0.40069541268143544,0.6010431190221531,0.6010431190221531,0.6010431190221531,0.6010431190221531,0.0,0.0
meta,Abordagem_1,-0.3142857142857143,0.40069541268143544,0.6010431190221531,0.6010431190221531,0.6010431190221531,0.6010431190221531,0.0,0.0
meta,Abordagem_2,-0.14285714285714288,0.26684051983702556,1.0,0.6010431190221531,0.0,0.0,0.0,0.0
meta,HARRIS_lambda=0.0,-0.2571428571428572,0.40069541268143544,0.6010431190221531,0.6010431190221531,0.6010431190221531,0.6010431190221531,0.0,0.0
meta,HARRIS_lambda=0.25,-0.3142857142857143,0.40069541268143544,0.6010431190221531,0.6010431190221531,0.6010431190221531,0.6010431190221531,0.0,0.0
meta,HARRIS,-0.2571428571428572,0.40069541268143544,0.6010431190221531,0.6010431190221531,0.6010431190221531,0.6010431190221531,0.0,0.0
meta,HARRIS_lambda=0.75,-0.2571428571428572,0.40069541268143544,0.6010431190221531,0.6010431190221531,0.6010431190221531,0.6010431190221531,0.0,0.0
meta,HARRIS_lambda=1.0,-0.2571428571428572,0.40069541268143544,0.6010431190221531,0.6010431190221531,0.6010431190221531,0.6010431190221531,0.0,0.0
mortgage,AR,-0.2571428571428572,0.14034598498955955,0.3437405176036827,0.1661117974445582,0.1661117974445582,0.1661117974445582,0.0,0.0
mortgage,MR,-0.3188740696088466,0.13842649787046515,0.1661117974445582,0.1661117974445582,0.1661117974445582,0.1661117974445582,0.1661117974445582,0.0
mortgage,Vitorias_Significativas,-0.23190841426097936,0.14034598498955955,0.3437405176036827,0.1661117974445582,0.1661117974445582,0.1661117974445582,0.0,0.0
mortgage,Abordagem_1,-0.2571428571428572,0.14034598498955955,0.3437405176036827,0.1661117974445582,0.1661117974445582,0.1661117974445582,0.0,0.0
mortgage,Abordagem_2,0.3142857142857143,0.08497538584137349,0.3437405176036827,0.1661117974445582,0.0,0.0,0.0,0.0
mortgage,HARRIS_lambda=0.0,-0.6,0.2793273520821332,1.0,0.3437405176036827,0.1661117974445582,0.1661117974445582,0.0,0.0
mortgage,HARRIS_lambda=0.25,-0.6,0.2793273520821332,1.0,0.3437405176036827,0.1661117974445582,0.1661117974445582,0.0,0.0
mortgage,HARRIS,-0.2571428571428572,0.14034598498955955,0.3437405176036827,0.1661117974445582,0.1661117974445582,0.1661117974445582,0.0,0.0
mortgage,HARRIS_lambda=0.75,-0.2571428571428572,0.14034598498955955,0.3437405176036827,0.1661117974445582,0.1661117974445582,0.1661117974445582,0.0,0.0
mortgage,HARRIS_lambda=1.0,-0.2571428571428572,0.14034598498955955,0.3437405176036827,0.1661117974445582,0.1661117974445582,0.1661117974445582,0.0,0.0
pdgfr,AR,0.5428571428571429,0.00017742338895394697,0.0010645403337236818,0.0,0.0,0.0,0.0,0.0
pdgfr,MR,0.753702346348183,0.0,0.0,0.0,0.0,0.0,0.0,0.0
pdgfr,Vitorias_Significativas,0.5797710356524485,0.00017742338895394697,0.0010645403337236818,0.0,0.0,0.0,0.0,0.0
pdgfr,Abordagem_1,0.14285714285714288,0.0034802437636752177,0.019816922248327623,0.0010645403337236818,0.0,0.0,0.0,0.0
pdgfr,Abordagem_2,0.4285714285714286,0.00017742338895394697,0.0010645403337236818,0.0,0.0,0.0,0.0,0.0
pdgfr,HARRIS_lambda=0.0,0.14285714285714288,0.0034802437636752177,0.019816922248327623,0.0010645403337236818,0.0,0.0,0.0,0.0
pdgfr,HARRIS_lambda=0.25,0.14285714285714288,0.0034802437636752177,0.019816922248327623,0.0010645403337236818,0.0,0.0,0.0,0.0
pdgfr,HARRIS,0.3142857142857143,0.00035484677790789394,0.0010645403337236818,0.0010645403337236818,0.0,0.0,0.0,0.0
pdgfr,HARRIS_lambda=0.75,0.14285714285714288,0.0034802437636752177,0.019816922248327623,0.0010645403337236818,0.0,0.0,0.0,0.0
pdgfr,HARRIS_lambda=1.0,0.5428571428571429,0.00017742338895394697,0.0010645403337236818,0.0,0.0,0.0,0.0,0.0
sensory,AR,0.7826908981308054,0.0,0.0,0.0,0.0,0.0,0.0,0.0
sensory,MR,0.8827348295047495,0.013152435738506241,0.07891461443103745,0.0,0.0,0.0,0.0,0.0
sensory,Vitorias_Significativas,0.7826908981308054,0.0,0.0,0.0,0.0,0.0,0.0,0.0
sensory,Abordagem_1,0.8285714285714287,0.0,0.0,0.0,0.0,0.0,0.0,0.0
sensory,Abordagem_2,0.4285714285714286,0.0,0.0,0.0,0.0,0.0,0.0,0.0
sensory,HARRIS_lambda=0.0,0.6571428571428573,0.030285212703102,0.181711276218612,0.0,0.0,0.0,0.0,0.0
sensory,HARRIS_lambda=0.25,0.8285714285714287,0.0,0.0,0.0,0.0,0.0,0.0,0.0
sensory,HARRIS,0.8285714285714287,0.0,0.0,0.0,0.0,0.0,0.0,0.0
sensory,HARRIS_lambda=0.75,0.8285714285714287,0.0,0.0,0.0,0.0,0.0,0.0,0.0
sensory,HARRIS_lambda=1.0,0.6571428571428573,0.030285212703102,0.181711276218612,0.0,0.0,0.0,0.0,0.0
space_ga,AR,-0.5428571428571429,0.27744628741913424,0.4060219952530955,0.3158546324858065,0.3158546324858065,0.3158546324858065,0.31109183180429056,0.0
space_ga,MR,-0.4638168285219587,0.21056975499053765,0.3158546324858065,0.3158546324858065,0.3158546324858065,0.3158546324858065,0.0,0.0
space_ga,Vitorias_Significativas,-0.5428571428571429,0.27744628741913424,0.4060219952530955,0.3158546324858065,0.3158546324858065,0.3158546324858065,0.31109183180429056,0.0
space_ga,Abordagem_1,-0.8285714285714287,0.3914705153381665,1.0,0.4060219952530955,0.3158546324858065,0.3158546324858065,0.31109183180429056,0.0
space_ga,Abordagem_2,-0.48571428571428577,0.2255976487850858,0.4060219952530955,0.3158546324858065,0.3158546324858065,0.3158546324858065,0.0,0.0
space_ga,HARRIS_lambda=0.0,-0.5428571428571429,0.27744628741913424,0.4060219952530955,0.3158546324858065,0.3158546324858065,0.3158546324858065,0.31109183180429056,0.0
space_ga,HARRIS_lambda=0.25,-0.5428571428571429,0.27744628741913424,0.4060219952530955,0.3158546324858065,0.3158546324858065,0.3158546324858065,0.31109183180429056,0.0
space_ga,HARRIS,-0.5428571428571429,0.27744628741913424,0.4060219952530955,0.3158546324858065,0.3158546324858065,0.3158546324858065,0.31109183180429056,0.0
space_ga,HARRIS_lambda=0.75,-0.5428571428571429,0.27744628741913424,0.4060219952530955,0.3158546324858065,0.3158546324858065,0.3158546324858065,0.31109183180429056,0.0
space_ga,HARRIS_lambda=1.0,-0.5428571428571429,0.27744628741913424,0.4060219952530955,0.3158546324858065,0.3158546324858065,0.3158546324858065,0.31109183180429056,0.0
treasury,AR,0.2,0.06884077602857812,0.10326116404286717,0.10326116404286717,0.10326116404286717,0.10326116404286717,0.0,0.0
treasury,MR,-0.05797710356524484,0.09252363076246106,0.14209712840329763,0.10326116404286717,0.10326116404286717,0.10326116404286717,0.10326116404286717,0.0
treasury,Vitorias_Significativas,0.2608969660436018,0.06884077602857812,0.10326116404286717,0.10326116404286717,0.10326116404286717,0.10326116404286717,0.0,0.0
treasury,Abordagem_1,0.3142857142857143,0.06884077602857812,0.10326116404286717,0.10326116404286717,0.10326116404286717,0.10326116404286717,0.0,0.0
treasury,Abordagem_2,0.7142857142857143,0.04089304874102747,0.14209712840329763,0.10326116404286717,0.0,0.0,0.0,0.0
treasury,HARRIS_lambda=0.0,-0.08571428571428573,0.09252363076246106,0.14209712840329763,0.10326116404286717,0.10326116404286717,0.10326116404286717,0.10326116404286717,0.0
treasury,HARRIS_lambda=0.25,-0.2,0.21829724868810021,1.0,0.10326116404286717,0.10326116404286717,0.10326116404286717,0.0,0.0
treasury,HARRIS,0.2,0.06884077602857812,0.10326116404286717,0.10326116404286717,0.10326116404286717,0.10326116404286717,0.0,0.0
treasury,HARRIS_lambda=0.75,0.2,0.06884077602857812,0.10326116404286717,0.10326116404286717,0.10326116404286717,0.10326116404286717,0.0,0.0
treasury,HARRIS_lambda=1.0,0.2,0.06884077602857812,0.10326116404286717,0.10326116404286717,0.10326116404286717,0.10326116404286717,0.0,0.0
triazines,AR,0.6,0.0,0.0,0.0,0.0,0.0,0.0,0.0
triazines,MR,0.7650368522374495,0.038630393989630155,0.23178236393778093,0.0,0.0,0.0,0.0,0.0
triazines,Vitorias_Significativas,0.6957252427829381,0.0,0.0,0.0,0.0,0.0,0.0,0.0
triazines,Abordagem_1,0.7714285714285715,0.03266057488000083,0.19596344928000495,0.0,0.0,0.0,0.0,0.0
triazines,Abordagem_2,0.6,0.038630393989630155,0.23178236393778093,0.0,0.0,0.0,0.0,0.0
triazines,HARRIS_lambda=0.0,0.7714285714285715,0.0,0.0,0.0,0.0,0.0,0.0,0.0
triazines,HARRIS_lambda=0.25,0.8285714285714287,0.0,0.0,0.0,0.0,0.0,0.0,0.0
triazines,HARRIS,0.8285714285714287,0.0,0.0,0.0,0.0,0.0,0.0,0.0
triazines,HARRIS_lambda=0.75,0.8285714285714287,0.0,0.0,0.0,0.0,0.0,0.0,0.0
triazines,HARRIS_lambda=1.0,0.8285714285714287,0.0,0.0,0.0,0.0,0.0,0.0,0.0
wine_quality,AR,0.3714285714285715,0.0,0.0,0.0,0.0,0.0,0.0,0.0
wine_quality,MR,0.4638168285219587,0.0817513074163265,0.490507844497959,0.0,0.0,0.0,0.0,0.0
wine_quality,Vitorias_Significativas,0.3714285714285715,0.0,0.0,0.0,0.0,0.0,0.0,0.0
wine_quality,Abordagem_1,0.3714285714285715,0.0,0.0,0.0,0.0,0.0,0.0,0.0
wine_quality,Abordagem_2,0.3714285714285715,0.0,0.0,0.0,0.0,0.0,0.0,0.0
wine_quality,HARRIS_lambda=0.0,0.3714285714285715,0.0,0.0,0.0,0.0,0.0,0.0,0.0
wine_quality,HARRIS_lambda=0.25,0.3714285714285715,0.0,0.0,0.0,0.0,0.0,0.0,0.0
wine_quality,HARRIS,0.3714285714285715,0.0,0.0,0.0,0.0,0.0,0.0,0.0
wine_quality,HARRIS_lambda=0.75,0.3714285714285715,0.0,0.0,0.0,0.0,0.0,0.0,0.0
wine_quality,HARRIS_lambda=1.0,0.3714285714285715,0.0,0.0,0.0,0.0,0.0,0.0,0.0
