dataset,algoritmo,fold,sera
a1,Linear,0,69.62315795976868
a1,KNN,0,68.35728600000002
a1,SVR,0,61.35809040818236
a1,DT,0,57.700900000000004
a1,RF,0,52.31928706000002
a1,GB,0,51.77107328606502
a1,Linear,1,2602.463546162921
a1,KNN,1,2390.2917480000006
a1,SVR,1,2132.414561998924
a1,DT,1,8528.3011
a1,RF,1,2453.7740368000013
a1,GB,1,2733.9952931069465
a1,Linear,2,2063.565194387529
a1,KNN,2,2957.1727980000005
a1,SVR,2,1753.9374068954974
a1,DT,2,7433.187000000002
a1,RF,2,2282.7844695400004
a1,GB,2,2668.131422314515
a1,Linear,3,1489.4263656218363
a1,KNN,3,2865.924452
a1,SVR,3,1374.7669300958144
a1,DT,3,4332.52775
a1,RF,3,1204.0547473699985
a1,GB,3,1037.3665723459535
a1,Linear,4,81.4341155570509
a1,KNN,4,101.068602
a1,SVR,4,91.54896631993986
a1,DT,4,53.37360000000001
a1,RF,4,48.244513425000015
a1,GB,4,51.10086341840054
a1,Linear,5,95.45144892284547
a1,KNN,5,87.485438
a1,SVR,5,72.11483093775641
a1,DT,5,93.73210000000002
a1,RF,5,45.65309920500001
a1,GB,5,42.485321346715416
a1,Linear,6,2724.8072411172875
a1,KNN,6,2806.9899579999997
a1,SVR,6,726.8295453086483
a1,DT,6,1502.7222000000004
a1,RF,6,688.9237622250002
a1,GB,6,765.5776241479269
a1,Linear,7,58.03667331919763
a1,KNN,7,90.344878
a1,SVR,7,69.26696100395137
a1,DT,7,163.4908
a1,RF,7,39.27883134000004
a1,GB,7,36.6846329292132
a1,Linear,8,3216.4946134937913
a1,KNN,8,5760.351706
a1,SVR,8,3139.063909746916
a1,DT,8,6229.94275
a1,RF,8,5054.372045700002
a1,GB,8,5689.058474111163
a1,Linear,9,14025707.153114906
a1,KNN,9,7733.49028
a1,SVR,9,4456.599039326346
a1,DT,9,4745.895
a1,RF,9,4398.125295699999
a1,GB,9,5579.420953964924
a2,Linear,0,505.063979325499
a2,KNN,0,833.4952880000002
a2,SVR,0,136.62594483613722
a2,DT,0,1338.9678500000002
a2,RF,0,314.6001599899996
a2,GB,0,439.80134487341047
a2,Linear,1,1006.7669446972693
a2,KNN,1,591.9210700000001
a2,SVR,1,545.9705621133103
a2,DT,1,1270.9667000000002
a2,RF,1,472.3514271849999
a2,GB,1,843.7222660894405
a2,Linear,2,1096.9349995649634
a2,KNN,2,1250.8555
a2,SVR,2,872.4959808982636
a2,DT,2,1150.73545
a2,RF,2,829.4207658049993
a2,GB,2,963.5544312611042
a2,Linear,3,7208.317807506663
a2,KNN,3,6743.574772
a2,SVR,3,6080.862323255435
a2,DT,3,9871.46725
a2,RF,3,7841.181839209998
a2,GB,3,7706.680159105831
a2,Linear,4,1298.3131826739536
a2,KNN,4,1653.0974199999998
a2,SVR,4,798.7431771822611
a2,DT,4,1689.4588499999998
a2,RF,4,1167.1969723949976
a2,GB,4,1000.3131133735568
a2,Linear,5,503.94499332614123
a2,KNN,5,544.2738879999998
a2,SVR,5,734.2849579902129
a2,DT,5,1655.3681
a2,RF,5,684.2140107849997
a2,GB,5,1239.6868032977443
a2,Linear,6,572.5683496226019
a2,KNN,6,1562.7955499999998
a2,SVR,6,723.7992555831504
a2,DT,6,2068.1769500000005
a2,RF,6,1315.9232344200004
a2,GB,6,2203.8658400175186
a2,Linear,7,936.2056537590797
a2,KNN,7,1188.247736
a2,SVR,7,751.5428981194799
a2,DT,7,2142.4510500000006
a2,RF,7,1699.637927755
a2,GB,7,2354.6248803001563
a2,Linear,8,16.353197659700793
a2,KNN,8,13.602620000000002
a2,SVR,8,14.223376500128493
a2,DT,8,12.5361
a2,RF,8,10.766469359999997
a2,GB,8,6.0428164414006424
a2,Linear,9,149260372.76597288
a2,KNN,9,554.348908
a2,SVR,9,186.61404766710857
a2,DT,9,1312.1276500000001
a2,RF,9,310.85546661499995
a2,GB,9,1208.163409826171
a3,Linear,0,1376.2453704336622
a3,KNN,0,1574.3876559999997
a3,SVR,0,1626.2629092689983
a3,DT,0,1295.32485
a3,RF,0,1714.43332909
a3,GB,0,1856.327560784855
a3,Linear,1,142.59518071557574
a3,KNN,1,182.37205599999996
a3,SVR,1,477.8387341300945
a3,DT,1,559.9549000000001
a3,RF,1,236.98052751999992
a3,GB,1,238.095593954749
a3,Linear,2,109.0900131524829
a3,KNN,2,988.0291499999998
a3,SVR,2,83.30892621059868
a3,DT,2,278.60685
a3,RF,2,108.17178408999996
a3,GB,2,191.78607116462413
a3,Linear,3,427.78137609185
a3,KNN,3,847.116536
a3,SVR,3,867.1154347057056
a3,DT,3,1244.7662500000004
a3,RF,3,876.52175616
a3,GB,3,1205.5642043459422
a3,Linear,4,66.21398833794157
a3,KNN,4,123.44296800000004
a3,SVR,4,171.85281357337885
a3,DT,4,613.31605
a3,RF,4,251.93132885000006
a3,GB,4,297.5266392043008
a3,Linear,5,688.5409224715687
a3,KNN,5,803.328642
a3,SVR,5,694.9775727347994
a3,DT,5,993.0022
a3,RF,5,652.0892380900001
a3,GB,5,879.1357639554888
a3,Linear,6,61.866711844567206
a3,KNN,6,139.432912
a3,SVR,6,72.51521004308478
a3,DT,6,139.38885000000002
a3,RF,6,70.07014732500002
a3,GB,6,122.8117227198096
a3,Linear,7,538.2593142140889
a3,KNN,7,421.553678
a3,SVR,7,353.1253554171242
a3,DT,7,443.98665
a3,RF,7,415.1548210799999
a3,GB,7,370.66586345345405
a3,Linear,8,467.81348839902705
a3,KNN,8,431.511548
a3,SVR,8,463.16489841185245
a3,DT,8,427.53094999999996
a3,RF,8,332.7992792449999
a3,GB,8,583.2030872740214
a3,Linear,9,23553565.364804994
a3,KNN,9,183.183414
a3,SVR,9,97.80931936390067
a3,DT,9,433.33935
a3,RF,9,225.38186328000012
a3,GB,9,220.02061493930708
a7,Linear,0,253.1591449560097
a7,KNN,0,356.43978799999996
a7,SVR,0,344.98776814068856
a7,DT,0,617.29495
a7,RF,0,286.96604476
a7,GB,0,360.1035786951345
a7,Linear,1,674.9752786674212
a7,KNN,1,375.5104159999999
a7,SVR,1,861.3470105902072
a7,DT,1,568.8901
a7,RF,1,391.64370776499993
a7,GB,1,501.13662626351135
a7,Linear,2,119.6617640041208
a7,KNN,2,146.076774
a7,SVR,2,68.03538317787614
a7,DT,2,35.353899999999996
a7,RF,2,52.84814386000009
a7,GB,2,22.293433205298324
a7,Linear,3,146.73254556515658
a7,KNN,3,505.5230879999999
a7,SVR,3,101.86110946137048
a7,DT,3,826.5141
a7,RF,3,607.8709685199989
a7,GB,3,680.0360770702066
a7,Linear,4,607.8207003561283
a7,KNN,4,943.5926900000002
a7,SVR,4,849.6504744944322
a7,DT,4,1012.96665
a7,RF,4,255.39513983499995
a7,GB,4,376.63054379674844
a7,Linear,5,394.5710848292154
a7,KNN,5,430.372448
a7,SVR,5,369.95123447414045
a7,DT,5,696.8981500000001
a7,RF,5,204.03152953499995
a7,GB,5,238.85607677920825
a7,Linear,6,732.6005263466674
a7,KNN,6,829.087092
a7,SVR,6,593.1822801020635
a7,DT,6,738.7916000000001
a7,RF,6,520.3504679599998
a7,GB,6,471.68922836613467
a7,Linear,7,249.15992486817646
a7,KNN,7,245.33844200000004
a7,SVR,7,551.4976575454748
a7,DT,7,271.0931
a7,RF,7,110.68453081000004
a7,GB,7,61.92623481503659
a7,Linear,8,255.89452163178447
a7,KNN,8,526.8889500000001
a7,SVR,8,251.96076720224147
a7,DT,8,702.6240500000002
a7,RF,8,719.5580966249987
a7,GB,8,743.7116201834085
a7,Linear,9,801749957.6419007
a7,KNN,9,132.56338599999998
a7,SVR,9,59.81049445933246
a7,DT,9,480.70045000000005
a7,RF,9,247.37973797999956
a7,GB,9,331.3511313953342
abalone,Linear,0,2234.824106455127
abalone,KNN,0,1994.3544000000002
abalone,SVR,0,1675.2581708808707
abalone,DT,0,2184.37
abalone,RF,0,1292.7049895
abalone,GB,0,1350.5141871766439
abalone,Linear,1,1649.7939395067874
abalone,KNN,1,1400.9524000000001
abalone,SVR,1,1280.1036462750112
abalone,DT,1,1653.525
abalone,RF,1,937.437539
abalone,GB,1,929.3320015887974
abalone,Linear,2,1224.8943409496353
abalone,KNN,2,1253.6592
abalone,SVR,2,921.6481020949095
abalone,DT,2,1673.98
abalone,RF,2,821.3042535000001
abalone,GB,2,736.0093329569355
abalone,Linear,3,1812.0780883855402
abalone,KNN,3,1752.7956000000001
abalone,SVR,3,1246.8606184995836
abalone,DT,3,2203.085
abalone,RF,3,971.9558925
abalone,GB,3,979.2953508677195
abalone,Linear,4,2707.295870140501
abalone,KNN,4,2436.5312
abalone,SVR,4,1966.6105047245958
abalone,DT,4,2509.95
abalone,RF,4,1667.632113
abalone,GB,4,1674.5476031594012
abalone,Linear,5,1321.4958076885418
abalone,KNN,5,1364.8576
abalone,SVR,5,1188.0576529245066
abalone,DT,5,1475.505
abalone,RF,5,836.127161
abalone,GB,5,805.9319500544017
abalone,Linear,6,2339.0989055617197
abalone,KNN,6,2287.1596
abalone,SVR,6,1777.0668924172687
abalone,DT,6,1913.185
abalone,RF,6,1218.164172
abalone,GB,6,1314.151249977076
abalone,Linear,7,2106.7245573623127
abalone,KNN,7,2103.8728
abalone,SVR,7,1642.0033538754244
abalone,DT,7,2164.89
abalone,RF,7,1324.8698140000001
abalone,GB,7,1221.3997472476983
abalone,Linear,8,1776.7353335687042
abalone,KNN,8,1391.4206000000001
abalone,SVR,8,1104.5210493238556
abalone,DT,8,1655.645
abalone,RF,8,837.4189035
abalone,GB,8,842.4665895240181
abalone,Linear,9,1215.3658036977392
abalone,KNN,9,1291.1582
abalone,SVR,9,937.1649208579931
abalone,DT,9,1419.96
abalone,RF,9,704.0284499999999
abalone,GB,9,717.1851989699907
acceleration,Linear,0,196.33426173793984
acceleration,KNN,0,70.41251799999999
acceleration,SVR,0,45.85364351165343
acceleration,DT,0,40.34710000000001
acceleration,RF,0,35.102606786660445
acceleration,GB,0,35.03072691498394
acceleration,Linear,1,82.01823827015538
acceleration,KNN,1,165.70970399999996
acceleration,SVR,1,62.391068384062905
acceleration,DT,1,114.44140000000002
acceleration,RF,1,36.78866767000011
acceleration,GB,1,36.446137212811514
acceleration,Linear,2,65.75225462239439
acceleration,KNN,2,50.61446999999999
acceleration,SVR,2,43.2009720049006
acceleration,DT,2,45.59805
acceleration,RF,2,27.503630297049977
acceleration,GB,2,26.975523849476083
acceleration,Linear,3,33.97669047510857
acceleration,KNN,3,44.07971399999999
acceleration,SVR,3,34.1318079027957
acceleration,DT,3,64.02030555555558
acceleration,RF,3,33.43222941468893
acceleration,GB,3,32.66119426311878
acceleration,Linear,4,3.125416145070431
acceleration,KNN,4,1.4650200000000002
acceleration,SVR,4,1.4777535269579276
acceleration,DT,4,1.1910000000000003
acceleration,RF,4,0.5921075155626366
acceleration,GB,4,0.6953040613478616
acceleration,Linear,5,51.2810615110471
acceleration,KNN,5,40.679202
acceleration,SVR,5,39.31395876561456
acceleration,DT,5,41.16940000000001
acceleration,RF,5,17.193550417447387
acceleration,GB,5,18.1755433380348
acceleration,Linear,6,55.99348841900358
acceleration,KNN,6,82.49524
acceleration,SVR,6,75.78317115331973
acceleration,DT,6,32.0634
acceleration,RF,6,14.767497168810813
acceleration,GB,6,20.533024241239353
acceleration,Linear,7,343.40702028871334
acceleration,KNN,7,136.990162
acceleration,SVR,7,276.23524538056006
acceleration,DT,7,260.43789999999996
acceleration,RF,7,127.96740274805538
acceleration,GB,7,62.28565011110198
acceleration,Linear,8,159.64004904224313
acceleration,KNN,8,88.17844200000003
acceleration,SVR,8,145.2865061977671
acceleration,DT,8,68.58789999999998
acceleration,RF,8,40.62825172962417
acceleration,GB,8,47.52857336573584
acceleration,Linear,9,94.12826424718442
acceleration,KNN,9,86.35673200000001
acceleration,SVR,9,67.35363304422523
acceleration,DT,9,63.413150000000016
acceleration,RF,9,25.57593467023391
acceleration,GB,9,27.61573282634552
airfoild,Linear,0,66193558727.43598
airfoild,KNN,0,10289880475.67732
airfoild,SVR,0,141965870415.0624
airfoild,DT,0,111598946.5889
airfoild,RF,0,125648058.57373825
airfoild,GB,0,1397061697.2063057
airfoild,Linear,1,96303332274.99739
airfoild,KNN,1,8483798668.567877
airfoild,SVR,1,167512470230.5108
airfoild,DT,1,255728022.9526
airfoild,RF,1,191408491.82173115
airfoild,GB,1,2439969943.6672955
airfoild,Linear,2,99408215320.91504
airfoild,KNN,2,14579670654.234364
airfoild,SVR,2,156126771227.61975
airfoild,DT,2,222472288.1723
airfoild,RF,2,94196994.56932041
airfoild,GB,2,2049938113.43674
airfoild,Linear,3,58898265681.99329
airfoild,KNN,3,4884221701.032568
airfoild,SVR,3,116164211907.81746
airfoild,DT,3,133437758.0245
airfoild,RF,3,89318822.79663768
airfoild,GB,3,1400361103.29156
airfoild,Linear,4,119006184841.1348
airfoild,KNN,4,13520031557.000307
airfoild,SVR,4,220021192488.91635
airfoild,DT,4,81488190.1625
airfoild,RF,4,101224809.25849989
airfoild,GB,4,2411810397.9668584
airfoild,Linear,5,95149602688.24779
airfoild,KNN,5,24087460619.35364
airfoild,SVR,5,207072162727.99176
airfoild,DT,5,107629699.3063
airfoild,RF,5,88231065.27672972
airfoild,GB,5,4498593209.313041
airfoild,Linear,6,83906892718.82443
airfoild,KNN,6,10401017057.977352
airfoild,SVR,6,180241220173.6138
airfoild,DT,6,135705206.9975
airfoild,RF,6,140930444.92454502
airfoild,GB,6,1793203299.9593663
airfoild,Linear,7,58262249901.23828
airfoild,KNN,7,10627356449.127699
airfoild,SVR,7,117197651371.49968
airfoild,DT,7,114848875.94070001
airfoild,RF,7,84829895.45972456
airfoild,GB,7,1702616109.8011336
airfoild,Linear,8,63403200953.86667
airfoild,KNN,8,3914190889.780916
airfoild,SVR,8,156029713549.81207
airfoild,DT,8,75932884.9047
airfoild,RF,8,208307473.4767344
airfoild,GB,8,2207929451.470017
airfoild,Linear,9,95681337050.44302
airfoild,KNN,9,25277969871.795612
airfoild,SVR,9,231775640968.88965
airfoild,DT,9,142547159.1635
airfoild,RF,9,141626933.95148355
airfoild,GB,9,2656867353.78556
analcatdata_apnea3,Linear,0,116711919.46425603
analcatdata_apnea3,KNN,0,83310143.03679998
analcatdata_apnea3,SVR,0,494501668.7612474
analcatdata_apnea3,DT,0,135558876.60999998
analcatdata_apnea3,RF,0,124152910.286577
analcatdata_apnea3,GB,0,127847022.85324189
analcatdata_apnea3,Linear,1,339735692.03648835
analcatdata_apnea3,KNN,1,47183225.03160001
analcatdata_apnea3,SVR,1,893936010.6959553
analcatdata_apnea3,DT,1,108052451.69500001
analcatdata_apnea3,RF,1,99612959.33402999
analcatdata_apnea3,GB,1,69501467.25719061
analcatdata_apnea3,Linear,2,80596249.95346949
analcatdata_apnea3,KNN,2,29568619.9924
analcatdata_apnea3,SVR,2,25151668.03206511
analcatdata_apnea3,DT,2,41408078.9
analcatdata_apnea3,RF,2,33117874.5959935
analcatdata_apnea3,GB,2,20493396.626712225
analcatdata_apnea3,Linear,3,235657059.75970766
analcatdata_apnea3,KNN,3,83242754.4774
analcatdata_apnea3,SVR,3,672152002.8047047
analcatdata_apnea3,DT,3,132239167.20500001
analcatdata_apnea3,RF,3,113626935.13778499
analcatdata_apnea3,GB,3,38808333.971653976
analcatdata_apnea3,Linear,4,142945179.3012574
analcatdata_apnea3,KNN,4,110205608.39580001
analcatdata_apnea3,SVR,4,271762511.8737048
analcatdata_apnea3,DT,4,26008587.835
analcatdata_apnea3,RF,4,21794538.4518615
analcatdata_apnea3,GB,4,39831169.07145987
analcatdata_apnea3,Linear,5,358215449.73342836
analcatdata_apnea3,KNN,5,58250748.934399985
analcatdata_apnea3,SVR,5,723867766.7846445
analcatdata_apnea3,DT,5,42766467.585
analcatdata_apnea3,RF,5,44537697.6809665
analcatdata_apnea3,GB,5,86546681.63827576
analcatdata_apnea3,Linear,6,80696556.24465759
analcatdata_apnea3,KNN,6,5356528.1232
analcatdata_apnea3,SVR,6,3412364.379004567
analcatdata_apnea3,DT,6,23329522.33
analcatdata_apnea3,RF,6,11923338.715036001
analcatdata_apnea3,GB,6,6708306.68902628
analcatdata_apnea3,Linear,7,376869158.1414993
analcatdata_apnea3,KNN,7,23564034.211799994
analcatdata_apnea3,SVR,7,985955756.795922
analcatdata_apnea3,DT,7,47438837.325
analcatdata_apnea3,RF,7,44216102.5588465
analcatdata_apnea3,GB,7,38524986.88301047
analcatdata_apnea3,Linear,8,161652413.55769995
analcatdata_apnea3,KNN,8,27041148.934800003
analcatdata_apnea3,SVR,8,257902622.18626672
analcatdata_apnea3,DT,8,28249542.54
analcatdata_apnea3,RF,8,24382535.197481003
analcatdata_apnea3,GB,8,50965245.19976329
analcatdata_apnea3,Linear,9,276567044.3939675
analcatdata_apnea3,KNN,9,34720506.9842
analcatdata_apnea3,SVR,9,142071104.05414322
analcatdata_apnea3,DT,9,30040034.495
analcatdata_apnea3,RF,9,30125228.281656995
analcatdata_apnea3,GB,9,36279452.240140215
available_power,Linear,0,24900.09032536078
available_power,KNN,0,2892.2870000000016
available_power,SVR,0,67179.89672706282
available_power,DT,0,1311.35815
available_power,RF,0,618.5879619427311
available_power,GB,0,5497.596571329687
available_power,Linear,1,14566.672653682233
available_power,KNN,1,5541.686199999999
available_power,SVR,1,95915.42676380578
available_power,DT,1,31257.667638888888
available_power,RF,1,18097.877554028
available_power,GB,1,13260.269925597097
available_power,Linear,2,12867.051600385654
available_power,KNN,2,12892.789800000002
available_power,SVR,2,51661.107017453854
available_power,DT,2,2687.748775
available_power,RF,2,2773.908500020373
available_power,GB,2,3230.0227071500526
available_power,Linear,3,17992.892012668864
available_power,KNN,3,2080.7416
available_power,SVR,3,69034.61652328698
available_power,DT,3,9800.817279614324
available_power,RF,3,4102.173696205925
available_power,GB,3,2669.889533817552
available_power,Linear,4,10350.197293427269
available_power,KNN,4,29379.0004
available_power,SVR,4,89385.3281454619
available_power,DT,4,22739.001730555556
available_power,RF,4,15998.852994228588
available_power,GB,4,15363.427320806391
available_power,Linear,5,16174.474471281363
available_power,KNN,5,9327.603000000001
available_power,SVR,5,57221.938782941696
available_power,DT,5,7385.484201388889
available_power,RF,5,5327.585483578452
available_power,GB,5,6225.969550062416
available_power,Linear,6,12571.10502157178
available_power,KNN,6,3352.3698
available_power,SVR,6,42194.67596353834
available_power,DT,6,5215.5593875
available_power,RF,6,914.3737155326708
available_power,GB,6,1694.0399796174681
available_power,Linear,7,2852041.4544061264
available_power,KNN,7,3356.0396000000005
available_power,SVR,7,126508.08187690981
available_power,DT,7,2611.2742598527016
available_power,RF,7,1392.4571643513823
available_power,GB,7,1835.188763809589
available_power,Linear,8,22493.53938653812
available_power,KNN,8,17181.802799999998
available_power,SVR,8,28923.019896299018
available_power,DT,8,6574.94611111111
available_power,RF,8,7977.935655834005
available_power,GB,8,8140.14910506755
available_power,Linear,9,15236.620325963935
available_power,KNN,9,12764.3948
available_power,SVR,9,35756.844676081586
available_power,DT,9,2132.4011111111113
available_power,RF,9,3028.0985857038486
available_power,GB,9,4420.637899536257
boston,Linear,0,392.0002193380245
boston,KNN,0,377.41947
boston,SVR,0,476.3847700207166
boston,DT,0,244.55110000000013
boston,RF,0,203.3093979049996
boston,GB,0,161.20113941490567
boston,Linear,1,857.1860460214428
boston,KNN,1,1895.4352140000003
boston,SVR,1,1971.006234927494
boston,DT,1,1757.0615500000001
boston,RF,1,607.5912409749999
boston,GB,1,780.0108608570448
boston,Linear,2,516.6738448191147
boston,KNN,2,832.9821000000001
boston,SVR,2,871.12664832168
boston,DT,2,485.03125000000006
boston,RF,2,351.1274684049997
boston,GB,2,278.9738419382775
boston,Linear,3,272.07559421728956
boston,KNN,3,332.7762259999998
boston,SVR,3,900.6566384431053
boston,DT,3,941.3125
boston,RF,3,235.39220391000052
boston,GB,3,218.18989039091784
boston,Linear,4,690.4472970688678
boston,KNN,4,1799.1994680000003
boston,SVR,4,1305.400788920236
boston,DT,4,404.30880000000025
boston,RF,4,325.9731095050004
boston,GB,4,331.68966334803406
boston,Linear,5,438.90406284529826
boston,KNN,5,369.87858599999987
boston,SVR,5,1115.3974831182704
boston,DT,5,120.62349999999999
boston,RF,5,124.46030186499951
boston,GB,5,131.47773036488448
boston,Linear,6,359.7670844780684
boston,KNN,6,865.4538840000001
boston,SVR,6,837.8812922151125
boston,DT,6,533.00895
boston,RF,6,241.71793842499966
boston,GB,6,183.183248173763
boston,Linear,7,477.5697471271611
boston,KNN,7,543.1317059999999
boston,SVR,7,1018.5455384689744
boston,DT,7,294.64969999999994
boston,RF,7,136.22868849499955
boston,GB,7,216.2063159942481
boston,Linear,8,1104.323019238058
boston,KNN,8,1088.6148740000003
boston,SVR,8,1729.5684849332188
boston,DT,8,730.8583
boston,RF,8,390.72980940499923
boston,GB,8,212.43921805663996
boston,Linear,9,1219.1967510921504
boston,KNN,9,809.28238
boston,SVR,9,1410.2516441395
boston,DT,9,1057.4953
boston,RF,9,371.8346183550007
boston,GB,9,560.3311967818253
california,Linear,0,2517067675206.1177
california,KNN,0,2796742651565.3647
california,SVR,0,4567157205369.514
california,DT,0,3718632261334.055
california,RF,0,1812048772823.1912
california,GB,0,1691406539547.912
california,Linear,1,2726706030886.091
california,KNN,1,2937513697456.987
california,SVR,1,4470094143934.51
california,DT,1,3284402105736.725
california,RF,1,1907453980516.4707
california,GB,1,1731057369570.4302
california,Linear,2,2664004910371.927
california,KNN,2,3180048814061.2334
california,SVR,2,4670404642599.667
california,DT,2,2831651851619.095
california,RF,2,1865126474665.3374
california,GB,2,1779322847842.4792
california,Linear,3,2758837506980.3984
california,KNN,3,3270098232170.7188
california,SVR,3,4371987644665.3623
california,DT,3,3528043920959.74
california,RF,3,1994614440057.6074
california,GB,3,2034936503863.3406
california,Linear,4,2485575176848.493
california,KNN,4,2857260722962.621
california,SVR,4,4229920909387.9766
california,DT,4,3144458907593.745
california,RF,4,1807574391575.0942
california,GB,4,1751191235589.3171
california,Linear,5,2783002842555.1694
california,KNN,5,2979703736426.6826
california,SVR,5,4853868909585.772
california,DT,5,3765789605780.35
california,RF,5,2029374181763.119
california,GB,5,1962298845231.8289
california,Linear,6,2564689149142.7437
california,KNN,6,2848789811718.7544
california,SVR,6,4280792475730.9067
california,DT,6,3294620103198.625
california,RF,6,1589109114457.1357
california,GB,6,1715334789306.9377
california,Linear,7,3044653196146.3228
california,KNN,7,3011075876601.1396
california,SVR,7,4539234009004.253
california,DT,7,4020785143387.9253
california,RF,7,1892937582117.2566
california,GB,7,1698538353541.7205
california,Linear,8,2499785429209.4907
california,KNN,8,2480299067080.2085
california,SVR,8,4604713171073.2295
california,DT,8,3669887062429.87
california,RF,8,1799587707886.6958
california,GB,8,1908062760711.5613
california,Linear,9,2575453631230.6074
california,KNN,9,2826316942407.65
california,SVR,9,4629857998816.562
california,DT,9,3297789140253.305
california,RF,9,1863381510663.762
california,GB,9,1814874032367.7837
cocomo_numeric,Linear,0,214557.69598350144
cocomo_numeric,KNN,0,3924868.3323840005
cocomo_numeric,SVR,0,2938838.4821792794
cocomo_numeric,DT,0,2518660.24
cocomo_numeric,RF,0,1569936.161264
cocomo_numeric,GB,0,816156.6126474559
cocomo_numeric,Linear,1,527931.3296648413
cocomo_numeric,KNN,1,2435348.7088
cocomo_numeric,SVR,1,6916880.41801543
cocomo_numeric,DT,1,1628496.3
cocomo_numeric,RF,1,1465800.1524409598
cocomo_numeric,GB,1,1468728.3082064714
cocomo_numeric,Linear,2,105876.79137446065
cocomo_numeric,KNN,2,257887.67370400002
cocomo_numeric,SVR,2,292028.02255901677
cocomo_numeric,DT,2,17246.4602
cocomo_numeric,RF,2,210267.7995174407
cocomo_numeric,GB,2,97342.17615135151
cocomo_numeric,Linear,3,47751.72059886163
cocomo_numeric,KNN,3,94585.27764
cocomo_numeric,SVR,3,163235.07379195717
cocomo_numeric,DT,3,6061.9608
cocomo_numeric,RF,3,6502.056325319997
cocomo_numeric,GB,3,4821.471916186727
cocomo_numeric,Linear,4,220905.76805772432
cocomo_numeric,KNN,4,906176.356
cocomo_numeric,SVR,4,884935.3740944868
cocomo_numeric,DT,4,1069951.6842
cocomo_numeric,RF,4,4723.254830180002
cocomo_numeric,GB,4,35251.63179490395
cocomo_numeric,Linear,5,296889.90824044077
cocomo_numeric,KNN,5,215440.3056
cocomo_numeric,SVR,5,211261.28509449938
cocomo_numeric,DT,5,46123.8288
cocomo_numeric,RF,5,838151.2143671601
cocomo_numeric,GB,5,319139.9289845459
cocomo_numeric,Linear,6,354548.6201842415
cocomo_numeric,KNN,6,3860037.384608
cocomo_numeric,SVR,6,3940103.483449846
cocomo_numeric,DT,6,918587.2232
cocomo_numeric,RF,6,193401.77120564008
cocomo_numeric,GB,6,485356.01708777127
cocomo_numeric,Linear,7,327333.41723133
cocomo_numeric,KNN,7,630948.246472
cocomo_numeric,SVR,7,3045494.442564183
cocomo_numeric,DT,7,2557229.915
cocomo_numeric,RF,7,1614436.8808064798
cocomo_numeric,GB,7,1501266.8381987223
cocomo_numeric,Linear,8,2788.5147514705873
cocomo_numeric,KNN,8,7815.820688
cocomo_numeric,SVR,8,3332.7577706468587
cocomo_numeric,DT,8,2001.3548
cocomo_numeric,RF,8,264.99749537999946
cocomo_numeric,GB,8,866.2278173453128
cocomo_numeric,Linear,9,199754.16206249586
cocomo_numeric,KNN,9,42670.52735999999
cocomo_numeric,SVR,9,216688.2714383662
cocomo_numeric,DT,9,2673.2560000000003
cocomo_numeric,RF,9,18055.898733415077
cocomo_numeric,GB,9,22975.276084594734
compactiv,Linear,0,17209.283858280243
compactiv,KNN,0,22426.818000000003
compactiv,SVR,0,34617.718833265506
compactiv,DT,0,2704.3050000000003
compactiv,RF,0,3139.039459
compactiv,GB,0,1558.2693299785547
compactiv,Linear,1,23298.49444193222
compactiv,KNN,1,13008.3362
compactiv,SVR,1,17450.958744288997
compactiv,DT,1,3478.96
compactiv,RF,1,1750.3703584999996
compactiv,GB,1,1475.8181856806596
compactiv,Linear,2,24492.605312074007
compactiv,KNN,2,7231.412
compactiv,SVR,2,19636.13205343645
compactiv,DT,2,2604.905
compactiv,RF,2,944.2280045000001
compactiv,GB,2,844.0145654461337
compactiv,Linear,3,19135.00455815485
compactiv,KNN,3,8644.8316
compactiv,SVR,3,13270.876711820878
compactiv,DT,3,3297.58
compactiv,RF,3,1393.2693619999998
compactiv,GB,3,1175.3735554168777
compactiv,Linear,4,18778.22030123913
compactiv,KNN,4,11971.3074
compactiv,SVR,4,17716.565946944254
compactiv,DT,4,3648.215
compactiv,RF,4,2097.0670055000005
compactiv,GB,4,1580.6249521372529
compactiv,Linear,5,19044.737721425958
compactiv,KNN,5,3012.5328
compactiv,SVR,5,13873.463665714877
compactiv,DT,5,2877.2400000000002
compactiv,RF,5,1219.7092845000004
compactiv,GB,5,1012.4012758504552
compactiv,Linear,6,21959.61642273341
compactiv,KNN,6,15456.489
compactiv,SVR,6,28562.8571255406
compactiv,DT,6,2571.155
compactiv,RF,6,1211.4633985
compactiv,GB,6,1088.588641971925
compactiv,Linear,7,21759.815332002276
compactiv,KNN,7,2453.9851999999996
compactiv,SVR,7,13664.290523268228
compactiv,DT,7,2793.94
compactiv,RF,7,1799.7089839999999
compactiv,GB,7,1563.5434157371315
compactiv,Linear,8,27299.425555923375
compactiv,KNN,8,2266.1740000000004
compactiv,SVR,8,19634.563394006957
compactiv,DT,8,2864.165
compactiv,RF,8,1273.7200275
compactiv,GB,8,1060.3821667730226
compactiv,Linear,9,18579.750652330225
compactiv,KNN,9,7208.597000000001
compactiv,SVR,9,7896.794234581331
compactiv,DT,9,3210.795
compactiv,RF,9,1812.7479835000001
compactiv,GB,9,1486.3919642832739
concreteStrength,Linear,0,68.53638749934284
concreteStrength,KNN,0,47.8746097
concreteStrength,SVR,0,75.01961608707892
concreteStrength,DT,0,23.953684222222222
concreteStrength,RF,0,16.888986759575893
concreteStrength,GB,0,15.537225035285802
concreteStrength,Linear,1,55.935167211496434
concreteStrength,KNN,1,44.33883920000001
concreteStrength,SVR,1,74.4154069021961
concreteStrength,DT,1,19.721998125
concreteStrength,RF,1,14.62853419783163
concreteStrength,GB,1,16.667506686256594
concreteStrength,Linear,2,2508.8623607568607
concreteStrength,KNN,2,2100.4591895400004
concreteStrength,SVR,2,1691.8971792567831
concreteStrength,DT,2,1252.5596059999998
concreteStrength,RF,2,1795.6215079226063
concreteStrength,GB,2,959.2317989954192
concreteStrength,Linear,3,80.43491521856858
concreteStrength,KNN,3,55.19419126
concreteStrength,SVR,3,88.59426379787347
concreteStrength,DT,3,22.167022000000003
concreteStrength,RF,3,16.322285605869794
concreteStrength,GB,3,20.319970657708748
concreteStrength,Linear,4,89.92112707184577
concreteStrength,KNN,4,61.9804735
concreteStrength,SVR,4,89.88159889244741
concreteStrength,DT,4,26.25833020131978
concreteStrength,RF,4,22.344728684375934
concreteStrength,GB,4,23.015874434586937
concreteStrength,Linear,5,73.07547458059665
concreteStrength,KNN,5,51.32800967999999
concreteStrength,SVR,5,79.44913111638077
concreteStrength,DT,5,37.95838750000001
concreteStrength,RF,5,11.274140248597176
concreteStrength,GB,5,13.508478816917693
concreteStrength,Linear,6,60.74127510159256
concreteStrength,KNN,6,32.445405459999996
concreteStrength,SVR,6,70.84217689212166
concreteStrength,DT,6,22.71992922
concreteStrength,RF,6,14.619504908296905
concreteStrength,GB,6,14.95184159869675
concreteStrength,Linear,7,52.76409296196395
concreteStrength,KNN,7,46.597732279999995
concreteStrength,SVR,7,63.448694937497315
concreteStrength,DT,7,34.23907972222222
concreteStrength,RF,7,19.56801958747931
concreteStrength,GB,7,22.959045335295848
concreteStrength,Linear,8,1449.7335674116284
concreteStrength,KNN,8,710.3906831600004
concreteStrength,SVR,8,651.6297284894306
concreteStrength,DT,8,568.0543859999999
concreteStrength,RF,8,433.8595209224901
concreteStrength,GB,8,327.75483268903685
concreteStrength,Linear,9,73.99875942365001
concreteStrength,KNN,9,63.84543114000001
concreteStrength,SVR,9,83.56200918008679
concreteStrength,DT,9,20.020932624999997
concreteStrength,RF,9,15.638133700698264
concreteStrength,GB,9,16.867617692878568
cpu_small,Linear,0,21150.73649067132
cpu_small,KNN,0,2965.245
cpu_small,SVR,0,7250.079934897613
cpu_small,DT,0,4328.835
cpu_small,RF,0,2595.7800875
cpu_small,GB,0,2176.9713950566893
cpu_small,Linear,1,20185.46336097611
cpu_small,KNN,1,7456.9118
cpu_small,SVR,1,8086.003542815752
cpu_small,DT,1,4510.96
cpu_small,RF,1,2135.38214
cpu_small,GB,1,1951.7759495955008
cpu_small,Linear,2,23007.349897308868
cpu_small,KNN,2,3947.9509999999996
cpu_small,SVR,2,11424.457667546758
cpu_small,DT,2,4353.16
cpu_small,RF,2,2464.9612685
cpu_small,GB,2,2258.2593996279165
cpu_small,Linear,3,24077.767269923905
cpu_small,KNN,3,4430.0958
cpu_small,SVR,3,12483.05043463135
cpu_small,DT,3,2869.435
cpu_small,RF,3,1859.9507549999996
cpu_small,GB,3,1617.4145361911699
cpu_small,Linear,4,22636.90461888331
cpu_small,KNN,4,2739.2024
cpu_small,SVR,4,8828.519622892962
cpu_small,DT,4,4279.92
cpu_small,RF,4,2456.1795825
cpu_small,GB,4,1998.234176312811
cpu_small,Linear,5,19810.50287439037
cpu_small,KNN,5,3100.3032
cpu_small,SVR,5,3454.3051900798055
cpu_small,DT,5,4287.575
cpu_small,RF,5,2169.2922960000005
cpu_small,GB,5,1718.3028274899052
cpu_small,Linear,6,25800.114861750368
cpu_small,KNN,6,3489.4622000000004
cpu_small,SVR,6,12312.186144104448
cpu_small,DT,6,2874.005
cpu_small,RF,6,3740.0873144999996
cpu_small,GB,6,2583.9662187477384
cpu_small,Linear,7,24242.286174698947
cpu_small,KNN,7,3398.3552000000004
cpu_small,SVR,7,6353.316606139333
cpu_small,DT,7,4165.27
cpu_small,RF,7,1836.3617849999998
cpu_small,GB,7,1868.865485534681
cpu_small,Linear,8,22971.253617639806
cpu_small,KNN,8,2202.277
cpu_small,SVR,8,10766.26283675966
cpu_small,DT,8,3388.7850000000003
cpu_small,RF,8,1641.32976
cpu_small,GB,8,1192.6904432835552
cpu_small,Linear,9,22519.00126625779
cpu_small,KNN,9,3660.4936
cpu_small,SVR,9,7645.831500803119
cpu_small,DT,9,4803.875
cpu_small,RF,9,2855.7871745
cpu_small,GB,9,2467.5387728184473
debutanizer,Linear,0,2.0585045519593566
debutanizer,KNN,0,0.22963961794148377
debutanizer,SVR,0,0.593671667005223
debutanizer,DT,0,0.494370714963792
debutanizer,RF,0,0.45798703193507
debutanizer,GB,0,0.8649363449474514
debutanizer,Linear,1,0.8762262446350219
debutanizer,KNN,1,0.11201228803681137
debutanizer,SVR,1,0.32690387567760004
debutanizer,DT,1,0.4105582343566255
debutanizer,RF,1,0.20840165835428323
debutanizer,GB,1,0.37277260852352223
debutanizer,Linear,2,1.9218012269885119
debutanizer,KNN,2,0.5972865732971913
debutanizer,SVR,2,0.7423483569371834
debutanizer,DT,2,1.8032516440954764
debutanizer,RF,2,0.604765374918817
debutanizer,GB,2,0.8836009632338852
debutanizer,Linear,3,1.8657043853546174
debutanizer,KNN,3,0.19009672195786292
debutanizer,SVR,3,0.3935044182002693
debutanizer,DT,3,0.7713711285516871
debutanizer,RF,3,0.1874229855495448
debutanizer,GB,3,0.4165703983071376
debutanizer,Linear,4,1.2223542963812444
debutanizer,KNN,4,0.25432050605589707
debutanizer,SVR,4,0.4025122462703837
debutanizer,DT,4,0.775072111162858
debutanizer,RF,4,0.31006641237031585
debutanizer,GB,4,0.3591967448137098
debutanizer,Linear,5,1.1734174530206973
debutanizer,KNN,5,0.1587979030869188
debutanizer,SVR,5,0.4195477180216114
debutanizer,DT,5,0.9225212674531014
debutanizer,RF,5,0.40399874180915063
debutanizer,GB,5,0.5457826910663688
debutanizer,Linear,6,1.7500044953417078
debutanizer,KNN,6,0.15907466128796818
debutanizer,SVR,6,0.5037371080068412
debutanizer,DT,6,0.6145895824996782
debutanizer,RF,6,0.28437532628283135
debutanizer,GB,6,0.5254191230141582
debutanizer,Linear,7,1.218551164790452
debutanizer,KNN,7,0.17715694294862971
debutanizer,SVR,7,0.37807031429939936
debutanizer,DT,7,1.0543883856370357
debutanizer,RF,7,0.2933388680285175
debutanizer,GB,7,0.45102080974492953
debutanizer,Linear,8,1.8432759553388234
debutanizer,KNN,8,0.27811469127596006
debutanizer,SVR,8,0.5262676954196994
debutanizer,DT,8,0.4691049857085508
debutanizer,RF,8,0.23804012658951376
debutanizer,GB,8,0.7371739321279973
debutanizer,Linear,9,1.1589804198135047
debutanizer,KNN,9,0.1264349313806833
debutanizer,SVR,9,0.43893675357174705
debutanizer,DT,9,0.827757667921451
debutanizer,RF,9,0.3025980805571585
debutanizer,GB,9,0.4052248619931206
forestFires,Linear,0,26589.251682884656
forestFires,KNN,0,15470.66212994
forestFires,SVR,0,7183.628016479129
forestFires,DT,0,8431.485866222221
forestFires,RF,0,5232.41091270618
forestFires,GB,0,20482.345504029832
forestFires,Linear,1,16188.751694127426
forestFires,KNN,1,16688.67143412
forestFires,SVR,1,38370.18732494915
forestFires,DT,1,61243.433840000005
forestFires,RF,1,24610.634381073873
forestFires,GB,1,17983.51442486411
forestFires,Linear,2,483326.902663513
forestFires,KNN,2,1744600.4921414796
forestFires,SVR,2,535904.3328211148
forestFires,DT,2,449493.27552099986
forestFires,RF,2,516851.02278816863
forestFires,GB,2,511852.52153819427
forestFires,Linear,3,119363.27350777046
forestFires,KNN,3,141489.50278858
forestFires,SVR,3,149802.17898177635
forestFires,DT,3,238142.4780325
forestFires,RF,3,165561.0253962375
forestFires,GB,3,111990.8355122445
forestFires,Linear,4,13393.436315461082
forestFires,KNN,4,6566.6268443399995
forestFires,SVR,4,11232.944075093488
forestFires,DT,4,234772.37994550003
forestFires,RF,4,41772.81726423613
forestFires,GB,4,69556.06795628785
forestFires,Linear,5,67976.51958459552
forestFires,KNN,5,81420.15620952
forestFires,SVR,5,80374.40364266778
forestFires,DT,5,85771.4460905
forestFires,RF,5,41941.47853445324
forestFires,GB,5,41407.36015611179
forestFires,Linear,6,15149.035034855438
forestFires,KNN,6,264230.8466121
forestFires,SVR,6,6348.83046477445
forestFires,DT,6,10810.980344000001
forestFires,RF,6,8414.47361311564
forestFires,GB,6,4714.608717737515
forestFires,Linear,7,17842.051160041527
forestFires,KNN,7,202342.58350246
forestFires,SVR,7,5839.996008905608
forestFires,DT,7,99901.33279100002
forestFires,RF,7,60545.215041082134
forestFires,GB,7,40680.66216493844
forestFires,Linear,8,1072972.0693093338
forestFires,KNN,8,1116581.7441306799
forestFires,SVR,8,1167128.6263846443
forestFires,DT,8,1202407.3392069996
forestFires,RF,8,1166483.7162949329
forestFires,GB,8,1079136.1744442477
forestFires,Linear,9,30078.700890277727
forestFires,KNN,9,27451.94077414
forestFires,SVR,9,27533.676632940453
forestFires,DT,9,31169.755647
forestFires,RF,9,19330.70256866732
forestFires,GB,9,31571.45602692299
fuel_consumption_country,Linear,0,35.40259262486054
fuel_consumption_country,KNN,0,33.65667400000001
fuel_consumption_country,SVR,0,42.075464926372476
fuel_consumption_country,DT,0,37.472350000000006
fuel_consumption_country,RF,0,20.597296575000012
fuel_consumption_country,GB,0,22.291032445197406
fuel_consumption_country,Linear,1,31.438155270281623
fuel_consumption_country,KNN,1,35.37226000000002
fuel_consumption_country,SVR,1,58.91317070613008
fuel_consumption_country,DT,1,61.46695000000001
fuel_consumption_country,RF,1,16.86756229500001
fuel_consumption_country,GB,1,11.932970072039144
fuel_consumption_country,Linear,2,47.23471935402398
fuel_consumption_country,KNN,2,32.87081200000001
fuel_consumption_country,SVR,2,20.892979308166126
fuel_consumption_country,DT,2,18.284600000000005
fuel_consumption_country,RF,2,7.953052134999953
fuel_consumption_country,GB,2,9.263735089749082
fuel_consumption_country,Linear,3,50.314734652666225
fuel_consumption_country,KNN,3,34.21862800000001
fuel_consumption_country,SVR,3,43.94203647818553
fuel_consumption_country,DT,3,47.91185
fuel_consumption_country,RF,3,34.013498218382495
fuel_consumption_country,GB,3,32.345467314923376
fuel_consumption_country,Linear,4,350.17411718682
fuel_consumption_country,KNN,4,22.424259999999993
fuel_consumption_country,SVR,4,7.589013947897886
fuel_consumption_country,DT,4,13.426199999999996
fuel_consumption_country,RF,4,5.269107515000001
fuel_consumption_country,GB,4,11.830193278010608
fuel_consumption_country,Linear,5,31.057592225750874
fuel_consumption_country,KNN,5,45.38542399999997
fuel_consumption_country,SVR,5,34.687039928410506
fuel_consumption_country,DT,5,38.43534999999999
fuel_consumption_country,RF,5,15.344204583750027
fuel_consumption_country,GB,5,13.329436158280016
fuel_consumption_country,Linear,6,12449.448710262135
fuel_consumption_country,KNN,6,28.516843999999995
fuel_consumption_country,SVR,6,13.071194206710029
fuel_consumption_country,DT,6,19.839650000000002
fuel_consumption_country,RF,6,12.951121760460012
fuel_consumption_country,GB,6,14.498160713000763
fuel_consumption_country,Linear,7,36.70755779618176
fuel_consumption_country,KNN,7,95.45380199999997
fuel_consumption_country,SVR,7,128.67123416691882
fuel_consumption_country,DT,7,34.06389999999999
fuel_consumption_country,RF,7,15.7651236150001
fuel_consumption_country,GB,7,29.406532964859384
fuel_consumption_country,Linear,8,18.52793590559088
fuel_consumption_country,KNN,8,12.068320000000002
fuel_consumption_country,SVR,8,26.64512446489686
fuel_consumption_country,DT,8,8.36035000000001
fuel_consumption_country,RF,8,4.92665832999996
fuel_consumption_country,GB,8,4.177187519387661
fuel_consumption_country,Linear,9,70.39992499711208
fuel_consumption_country,KNN,9,58.69907600000001
fuel_consumption_country,SVR,9,70.0467585371186
fuel_consumption_country,DT,9,82.8391
fuel_consumption_country,RF,9,49.53271981645843
fuel_consumption_country,GB,9,56.388988920171506
heat,Linear,0,39194.063771587855
heat,KNN,0,1631.2653539
heat,SVR,0,21424.61550626508
heat,DT,0,3531.3718285000023
heat,RF,0,1809.4840567568963
heat,GB,0,3466.9941788402166
heat,Linear,1,44286.29188473315
heat,KNN,1,1229.0359214000005
heat,SVR,1,19093.50904988159
heat,DT,1,2526.885505999999
heat,RF,1,1103.7614045858988
heat,GB,1,3394.0479163909763
heat,Linear,2,33955.003454708334
heat,KNN,2,956.0366140600006
heat,SVR,2,17114.711779109504
heat,DT,2,2585.3722645000003
heat,RF,2,1537.457561869059
heat,GB,2,3135.2862439972077
heat,Linear,3,34241.786944924985
heat,KNN,3,1636.1524354000007
heat,SVR,3,15400.741807956063
heat,DT,3,2532.7460555
heat,RF,3,1330.733777275146
heat,GB,3,4646.03482868984
heat,Linear,4,58210.40218788048
heat,KNN,4,1731.0420071600015
heat,SVR,4,37106.10373396131
heat,DT,4,3105.1807199999994
heat,RF,4,1565.0320875073642
heat,GB,4,5035.04186271446
heat,Linear,5,35800.64044937569
heat,KNN,5,1713.1964517200004
heat,SVR,5,11757.960776727592
heat,DT,5,2626.7344789999993
heat,RF,5,1490.7356252997586
heat,GB,5,3862.12079083025
heat,Linear,6,27811.366680265364
heat,KNN,6,1568.6439533000005
heat,SVR,6,7874.035728175362
heat,DT,6,3338.3609999999994
heat,RF,6,1656.0588623179076
heat,GB,6,3864.4334889966904
heat,Linear,7,49120.083911614594
heat,KNN,7,1285.5679961999997
heat,SVR,7,21956.79984685275
heat,DT,7,3093.741519
heat,RF,7,1598.9579466337464
heat,GB,7,3142.945082540031
heat,Linear,8,29442.455962257387
heat,KNN,8,1275.3807871200015
heat,SVR,8,10540.651995212778
heat,DT,8,4091.732821000001
heat,RF,8,1429.9787618798077
heat,GB,8,2905.941675265718
heat,Linear,9,31704.306118801323
heat,KNN,9,1721.3369862600005
heat,SVR,9,9594.350256973039
heat,DT,9,4364.9243105
heat,RF,9,1925.657641305039
heat,GB,9,3331.2729884010428
kdd_coil_1,Linear,0,3871.982234119053
kdd_coil_1,KNN,0,3438.2452440000006
kdd_coil_1,SVR,0,1642.4132872074474
kdd_coil_1,DT,0,2027.1107500000003
kdd_coil_1,RF,0,876.165723924997
kdd_coil_1,GB,0,1083.900212298407
kdd_coil_1,Linear,1,78.98709146908257
kdd_coil_1,KNN,1,90.09442
kdd_coil_1,SVR,1,93.1710812184587
kdd_coil_1,DT,1,82.56985
kdd_coil_1,RF,1,40.825370965
kdd_coil_1,GB,1,54.433063859230295
kdd_coil_1,Linear,2,3224.7207272807163
kdd_coil_1,KNN,2,2782.59094
kdd_coil_1,SVR,2,3156.9467913559447
kdd_coil_1,DT,2,5982.548250000002
kdd_coil_1,RF,2,1714.1256400099992
kdd_coil_1,GB,2,2755.200920216483
kdd_coil_1,Linear,3,69.08520489469443
kdd_coil_1,KNN,3,51.40720600000001
kdd_coil_1,SVR,3,72.87587790784376
kdd_coil_1,DT,3,123.73545
kdd_coil_1,RF,3,56.517425205
kdd_coil_1,GB,3,61.48603546604134
kdd_coil_1,Linear,4,4542.447183554335
kdd_coil_1,KNN,4,5884.950734000001
kdd_coil_1,SVR,4,4181.318856052154
kdd_coil_1,DT,4,4321.72445
kdd_coil_1,RF,4,2447.1381411250018
kdd_coil_1,GB,4,3222.029450712237
kdd_coil_1,Linear,5,2012.3100145149874
kdd_coil_1,KNN,5,2944.4824199999985
kdd_coil_1,SVR,5,2910.17331736396
kdd_coil_1,DT,5,5600.48445
kdd_coil_1,RF,5,3610.605685909996
kdd_coil_1,GB,5,3353.4984052360705
kdd_coil_1,Linear,6,3987.9892227297605
kdd_coil_1,KNN,6,3250.305716
kdd_coil_1,SVR,6,3153.9822396363375
kdd_coil_1,DT,6,3545.320350000001
kdd_coil_1,RF,6,2993.69803004
kdd_coil_1,GB,6,2981.5401395859826
kdd_coil_1,Linear,7,1733.2938634674176
kdd_coil_1,KNN,7,5363.9068
kdd_coil_1,SVR,7,3075.7797567193393
kdd_coil_1,DT,7,8777.172349999999
kdd_coil_1,RF,7,2491.007494504996
kdd_coil_1,GB,7,5780.559771964019
kdd_coil_1,Linear,8,43.797905491972806
kdd_coil_1,KNN,8,56.29273199999999
kdd_coil_1,SVR,8,58.142697250601785
kdd_coil_1,DT,8,95.42485
kdd_coil_1,RF,8,45.11630264999999
kdd_coil_1,GB,8,62.4231591860753
kdd_coil_1,Linear,9,95.84825280361311
kdd_coil_1,KNN,9,118.42372999999999
kdd_coil_1,SVR,9,115.13252997000333
kdd_coil_1,DT,9,88.65424999999999
kdd_coil_1,RF,9,65.60522212500003
kdd_coil_1,GB,9,73.0483141528082
lungcancer_shedden,Linear,0,2.1374801053605417
lungcancer_shedden,KNN,0,3.073698268750004
lungcancer_shedden,SVR,0,2.5192713558676925
lungcancer_shedden,DT,0,4.537103652777778
lungcancer_shedden,RF,0,2.0701805513135403
lungcancer_shedden,GB,0,2.1187056592570848
lungcancer_shedden,Linear,1,37.38470318178
lungcancer_shedden,KNN,1,139.81117446333275
lungcancer_shedden,SVR,1,66.00784447291772
lungcancer_shedden,DT,1,87.11937871527809
lungcancer_shedden,RF,1,68.65759572537972
lungcancer_shedden,GB,1,82.01229954283653
lungcancer_shedden,Linear,2,106.19419963706932
lungcancer_shedden,KNN,2,261.6898928679162
lungcancer_shedden,SVR,2,145.27794817417399
lungcancer_shedden,DT,2,248.58875659722233
lungcancer_shedden,RF,2,151.48865399362404
lungcancer_shedden,GB,2,194.11262005597183
lungcancer_shedden,Linear,3,79.29799972550597
lungcancer_shedden,KNN,3,109.59213053055566
lungcancer_shedden,SVR,3,74.33915711939515
lungcancer_shedden,DT,3,84.58774932986108
lungcancer_shedden,RF,3,76.1505421317424
lungcancer_shedden,GB,3,66.24731104712733
lungcancer_shedden,Linear,4,82.39792433840432
lungcancer_shedden,KNN,4,99.29391021819497
lungcancer_shedden,SVR,4,77.16005794107166
lungcancer_shedden,DT,4,179.8414095416668
lungcancer_shedden,RF,4,76.13742917783837
lungcancer_shedden,GB,4,92.63282578736012
lungcancer_shedden,Linear,5,3.5526355773081106
lungcancer_shedden,KNN,5,3.8955046065277834
lungcancer_shedden,SVR,5,3.479976008734793
lungcancer_shedden,DT,5,3.221520881944447
lungcancer_shedden,RF,5,2.295196190388892
lungcancer_shedden,GB,5,2.245499692787744
lungcancer_shedden,Linear,6,234.8571541179331
lungcancer_shedden,KNN,6,179.99097111666694
lungcancer_shedden,SVR,6,178.27644289567363
lungcancer_shedden,DT,6,391.0262627361118
lungcancer_shedden,RF,6,290.6990051171636
lungcancer_shedden,GB,6,275.1898757847984
lungcancer_shedden,Linear,7,46.69148465500753
lungcancer_shedden,KNN,7,88.62276509791668
lungcancer_shedden,SVR,7,30.815743534081182
lungcancer_shedden,DT,7,102.90333016319441
lungcancer_shedden,RF,7,63.62556096188791
lungcancer_shedden,GB,7,67.62143935364205
lungcancer_shedden,Linear,8,108.91352427996382
lungcancer_shedden,KNN,8,112.92355912416609
lungcancer_shedden,SVR,8,115.38992623576625
lungcancer_shedden,DT,8,225.09634470138778
lungcancer_shedden,RF,8,122.62150381410558
lungcancer_shedden,GB,8,126.59013932160258
lungcancer_shedden,Linear,9,57.210956799525434
lungcancer_shedden,KNN,9,61.355941366111445
lungcancer_shedden,SVR,9,52.645394400640804
lungcancer_shedden,DT,9,159.77930161805583
lungcancer_shedden,RF,9,70.44922618928544
lungcancer_shedden,GB,9,126.69480692245257
maximal_torque,Linear,0,17972.334402084332
maximal_torque,KNN,0,145037.8038
maximal_torque,SVR,0,459412.8182430521
maximal_torque,DT,0,28341.12
maximal_torque,RF,0,30580.764248500007
maximal_torque,GB,0,13644.050371302943
maximal_torque,Linear,1,8660.29857209756
maximal_torque,KNN,1,79291.7052
maximal_torque,SVR,1,458955.35261951864
maximal_torque,DT,1,34573.520000000004
maximal_torque,RF,1,3913.0003390000015
maximal_torque,GB,1,4809.586417339516
maximal_torque,Linear,2,7597.693236551034
maximal_torque,KNN,2,18619.3594
maximal_torque,SVR,2,408179.79575238074
maximal_torque,DT,2,372.125
maximal_torque,RF,2,781.3718074999999
maximal_torque,GB,2,709.7021742939681
maximal_torque,Linear,3,474808492.7853944
maximal_torque,KNN,3,58530.1448
maximal_torque,SVR,3,323145.3433760203
maximal_torque,DT,3,2068.46
maximal_torque,RF,3,3066.546851000001
maximal_torque,GB,3,3291.249186701137
maximal_torque,Linear,4,8688.124623659753
maximal_torque,KNN,4,28296.673799999997
maximal_torque,SVR,4,169291.97097656463
maximal_torque,DT,4,51068.625
maximal_torque,RF,4,17170.046796499988
maximal_torque,GB,4,8585.027775433624
maximal_torque,Linear,5,10076.54222731978
maximal_torque,KNN,5,27366.149400000002
maximal_torque,SVR,5,148164.9183062877
maximal_torque,DT,5,3203.49
maximal_torque,RF,5,2848.4573955000014
maximal_torque,GB,5,1768.9781284432656
maximal_torque,Linear,6,10830.789974288677
maximal_torque,KNN,6,13996.8858
maximal_torque,SVR,6,96092.57755410421
maximal_torque,DT,6,497.08500000000004
maximal_torque,RF,6,674.7941509999991
maximal_torque,GB,6,2150.518542739253
maximal_torque,Linear,7,8118.615292242796
maximal_torque,KNN,7,33015.7124
maximal_torque,SVR,7,456681.2975314145
maximal_torque,DT,7,19567.575
maximal_torque,RF,7,3221.992604500001
maximal_torque,GB,7,3738.9402090584913
maximal_torque,Linear,8,10998.563566886
maximal_torque,KNN,8,31751.1298
maximal_torque,SVR,8,378792.90343987534
maximal_torque,DT,8,7810.725
maximal_torque,RF,8,5778.152127500004
maximal_torque,GB,8,6035.218604884426
maximal_torque,Linear,9,5083.5381213431865
maximal_torque,KNN,9,55671.116
maximal_torque,SVR,9,126098.35978437912
maximal_torque,DT,9,2837.1600000000003
maximal_torque,RF,9,726.3381750000001
maximal_torque,GB,9,1477.199927620525
meta,Linear,0,5343016.594703067
meta,KNN,0,787077.4388641093
meta,SVR,0,1432726.332742007
meta,DT,0,1661286.770388775
meta,RF,0,1395541.2985979982
meta,GB,0,2153098.9927051086
meta,Linear,1,9794152.088797662
meta,KNN,1,139506245.29112884
meta,SVR,1,755722.390887472
meta,DT,1,767253.1328536901
meta,RF,1,853080.7475820481
meta,GB,1,499833.54465861025
meta,Linear,2,11816570.237341639
meta,KNN,2,16874741.875105534
meta,SVR,2,301559.6334764869
meta,DT,2,126706.86919543502
meta,RF,2,195838.72173686489
meta,GB,2,1001486.8509628213
meta,Linear,3,8118569.212958896
meta,KNN,3,40751511.84413421
meta,SVR,3,179355.0039655127
meta,DT,3,149823.12113344003
meta,RF,3,103153.51630441486
meta,GB,3,281433.3220979598
meta,Linear,4,14577754.684168536
meta,KNN,4,152267844.73155582
meta,SVR,4,9551123.935199399
meta,DT,4,9257271.731128134
meta,RF,4,8638426.874883804
meta,GB,4,8470051.550142424
meta,Linear,5,121751991.04061924
meta,KNN,5,115688620.49975047
meta,SVR,5,143869514.05826235
meta,DT,5,143908381.12490946
meta,RF,5,134313814.93699625
meta,GB,5,133002078.12024722
meta,Linear,6,8775730.190646244
meta,KNN,6,23803277.356218472
meta,SVR,6,165952.34286804608
meta,DT,6,49852.184030005024
meta,RF,6,25643.12668807522
meta,GB,6,501044.5425746688
meta,Linear,7,119757145.91607183
meta,KNN,7,96518494.88306369
meta,SVR,7,144511756.7263331
meta,DT,7,152347380.13627076
meta,RF,7,151623566.51515827
meta,GB,7,143741939.85526985
meta,Linear,8,5136574.964043589
meta,KNN,8,65679427.096200004
meta,SVR,8,268226.2943245598
meta,DT,8,231015.48207844005
meta,RF,8,85369.82764248116
meta,GB,8,326341.7380624445
meta,Linear,9,3790426.4728177493
meta,KNN,9,41981984.295659535
meta,SVR,9,7104169.06144539
meta,DT,9,7062381.64898968
meta,RF,9,6641721.248553049
meta,GB,9,6083895.574944957
mortgage,Linear,0,0.5101884275843763
mortgage,KNN,0,0.9256962600000018
mortgage,SVR,0,0.39992345361205045
mortgage,DT,0,3.6392394999999973
mortgage,RF,0,3.4416659457499947
mortgage,GB,0,0.9695463087203683
mortgage,Linear,1,1.0903289582825775
mortgage,KNN,1,1.872526559999996
mortgage,SVR,1,0.483343865678641
mortgage,DT,1,1.460398499999998
mortgage,RF,1,1.157664309899981
mortgage,GB,1,1.3337155557957059
mortgage,Linear,2,0.7850169605662167
mortgage,KNN,2,0.871933879999998
mortgage,SVR,2,0.4234691411432721
mortgage,DT,2,1.515224499999996
mortgage,RF,2,1.176457988749992
mortgage,GB,2,1.0766545065950288
mortgage,Linear,3,0.5607047482057694
mortgage,KNN,3,2.297903080000003
mortgage,SVR,3,0.4534481037293983
mortgage,DT,3,5.0437224999999986
mortgage,RF,3,1.5036446553999596
mortgage,GB,3,1.037143206236456
mortgage,Linear,4,0.8149885016043922
mortgage,KNN,4,1.9955012399999914
mortgage,SVR,4,0.449812401703061
mortgage,DT,4,1.7327744999999992
mortgage,RF,4,1.2274207427500556
mortgage,GB,4,0.8931330685293747
mortgage,Linear,5,0.5363042461203746
mortgage,KNN,5,0.8868874199999978
mortgage,SVR,5,0.3515534501430588
mortgage,DT,5,1.4642430000000013
mortgage,RF,5,1.5877837436999933
mortgage,GB,5,1.3487025744663235
mortgage,Linear,6,1.679463412093211
mortgage,KNN,6,1.6175739000000011
mortgage,SVR,6,1.300574064703932
mortgage,DT,6,2.9816079999999996
mortgage,RF,6,3.344441679800051
mortgage,GB,6,1.759416186028203
mortgage,Linear,7,0.3812497319476115
mortgage,KNN,7,0.6878542600000004
mortgage,SVR,7,0.1098911787581172
mortgage,DT,7,2.252845000000007
mortgage,RF,7,0.48496159440000275
mortgage,GB,7,0.8854098769015859
mortgage,Linear,8,0.9055485519142618
mortgage,KNN,8,1.4058219000000038
mortgage,SVR,8,0.5486235063893916
mortgage,DT,8,3.1651704999999994
mortgage,RF,8,2.379185778249999
mortgage,GB,8,1.3020429573797854
mortgage,Linear,9,0.4018804453809244
mortgage,KNN,9,0.7828642599999981
mortgage,SVR,9,0.4368784502900169
mortgage,DT,9,2.5608199999999965
mortgage,RF,9,0.9382753617500265
mortgage,GB,9,0.7983825251820407
pdgfr,Linear,0,0.009388976191392688
pdgfr,KNN,0,0.0035141082942368
pdgfr,SVR,0,0.0023897216112431538
pdgfr,DT,0,0.002939184259775
pdgfr,RF,0,0.0022640075413328654
pdgfr,GB,0,0.0017015030009627503
pdgfr,Linear,1,0.5082177061829823
pdgfr,KNN,1,0.0028444044756654003
pdgfr,SVR,1,0.003608450443426738
pdgfr,DT,1,0.005273676789479999
pdgfr,RF,1,0.002917170916050041
pdgfr,GB,1,0.004240814463528572
pdgfr,Linear,2,0.007186516498341494
pdgfr,KNN,2,0.0036012098972986
pdgfr,SVR,2,0.0033472745171175336
pdgfr,DT,2,0.00236371149122
pdgfr,RF,2,0.0040241379604410285
pdgfr,GB,2,0.0034005852796716476
pdgfr,Linear,3,0.061804539604745606
pdgfr,KNN,3,0.0031456621741023996
pdgfr,SVR,3,0.0007188406884791166
pdgfr,DT,3,0.0005231131495600001
pdgfr,RF,3,0.0013374166583958128
pdgfr,GB,3,0.002081030929396369
pdgfr,Linear,4,0.0007424471588718056
pdgfr,KNN,4,0.0012855460117126003
pdgfr,SVR,4,0.0007077405471482468
pdgfr,DT,4,0.0013630488378800001
pdgfr,RF,4,0.0012986825697356515
pdgfr,GB,4,0.0009771371075081698
pdgfr,Linear,5,0.004857592215285525
pdgfr,KNN,5,0.0013248527494527998
pdgfr,SVR,5,0.001158167573419543
pdgfr,DT,5,0.0052931005823950005
pdgfr,RF,5,0.0020013722330211267
pdgfr,GB,5,0.0016955796018643552
pdgfr,Linear,6,0.007581468291190402
pdgfr,KNN,6,0.0012619346617846001
pdgfr,SVR,6,0.0014425841278393548
pdgfr,DT,6,0.0037583649621450005
pdgfr,RF,6,0.001278657883390778
pdgfr,GB,6,0.001974391405741062
pdgfr,Linear,7,0.00085254673219177
pdgfr,KNN,7,0.0017589545536126005
pdgfr,SVR,7,0.0007368683429132732
pdgfr,DT,7,0.0009718644339050002
pdgfr,RF,7,0.00046973682503364964
pdgfr,GB,7,0.00048284191566614444
pdgfr,Linear,8,0.0046964064036207655
pdgfr,KNN,8,0.0037304353293428007
pdgfr,SVR,8,0.0027750903179169363
pdgfr,DT,8,0.0027329399409350003
pdgfr,RF,8,0.0032579349025799384
pdgfr,GB,8,0.0037979503714940213
pdgfr,Linear,9,0.0039724695537858195
pdgfr,KNN,9,0.0006108830764379999
pdgfr,SVR,9,0.001063957248461325
pdgfr,DT,9,0.0037644914555550004
pdgfr,RF,9,0.0012235948268461045
pdgfr,GB,9,0.0014525943891626357
sensory,Linear,0,0.20700178913111525
sensory,KNN,0,0.30555
sensory,SVR,0,0.23913687663932157
sensory,DT,0,0.30875
sensory,RF,0,0.1638845
sensory,GB,0,0.16792552067692335
sensory,Linear,1,0.1740863003492012
sensory,KNN,1,0.2494
sensory,SVR,1,0.13384652270315556
sensory,DT,1,0.28750000000000003
sensory,RF,1,0.14921912499999998
sensory,GB,1,0.11819763636297964
sensory,Linear,2,0.22124210087549492
sensory,KNN,2,0.26555000000000006
sensory,SVR,2,0.21485704240266312
sensory,DT,2,0.2625
sensory,RF,2,0.1708525
sensory,GB,2,0.13607666476485494
sensory,Linear,3,16.357867633884375
sensory,KNN,3,19.929250000000003
sensory,SVR,3,9.979843158697205
sensory,DT,3,4.98875
sensory,RF,3,3.473109500000002
sensory,GB,3,4.878779842245691
sensory,Linear,4,0.2202227262967714
sensory,KNN,4,0.33174999999999993
sensory,SVR,4,0.27664855588941534
sensory,DT,4,0.36375
sensory,RF,4,0.20477649999999997
sensory,GB,4,0.21847109796602343
sensory,Linear,5,39.756324334456195
sensory,KNN,5,45.335200000000015
sensory,SVR,5,28.090622391307367
sensory,DT,5,36.02
sensory,RF,5,25.028513249999996
sensory,GB,5,21.004974899178986
sensory,Linear,6,19.11965383898225
sensory,KNN,6,18.2545
sensory,SVR,6,15.72357150114969
sensory,DT,6,9.512500000000001
sensory,RF,6,9.434533499999993
sensory,GB,6,10.038319733875115
sensory,Linear,7,0.18941718086563472
sensory,KNN,7,0.26739999999999997
sensory,SVR,7,0.20005211232242284
sensory,DT,7,0.28375
sensory,RF,7,0.16451787499999995
sensory,GB,7,0.14035718992738927
sensory,Linear,8,0.23643884143510552
sensory,KNN,8,0.18205000000000002
sensory,SVR,8,0.18246190400811482
sensory,DT,8,0.34750000000000003
sensory,RF,8,0.18879674999999996
sensory,GB,8,0.16211516096804246
sensory,Linear,9,0.19588948717456173
sensory,KNN,9,0.3348500000000001
sensory,SVR,9,0.22479619050716002
sensory,DT,9,0.34375
sensory,RF,9,0.19782175
sensory,GB,9,0.16641157049932065
space_ga,Linear,0,2.463020890148909
space_ga,KNN,0,2.9640212457100747
space_ga,SVR,0,1.8181212194086716
space_ga,DT,0,3.9212536648847105
space_ga,RF,0,2.610792867744694
space_ga,GB,0,2.5784733473015344
space_ga,Linear,1,2.2430035519178495
space_ga,KNN,1,1.5305868712679485
space_ga,SVR,1,0.9098176398844582
space_ga,DT,1,2.4479976743266274
space_ga,RF,1,1.4017346869816398
space_ga,GB,1,1.2092408582858498
space_ga,Linear,2,1.815805642407105
space_ga,KNN,2,3.2001414152104646
space_ga,SVR,2,1.6482037463515202
space_ga,DT,2,3.8315688989784222
space_ga,RF,2,3.020695758990511
space_ga,GB,2,2.603574832669879
space_ga,Linear,3,0.8035494635251812
space_ga,KNN,3,0.9061556478336816
space_ga,SVR,3,0.6020969229559822
space_ga,DT,3,1.8072095602388374
space_ga,RF,3,0.9034718721719469
space_ga,GB,3,0.48673560293901474
space_ga,Linear,4,2.887667573482568
space_ga,KNN,4,5.590919258572306
space_ga,SVR,4,2.750363406576747
space_ga,DT,4,6.634281658919891
space_ga,RF,4,6.143149918662285
space_ga,GB,4,4.614998425362913
space_ga,Linear,5,1.1801198126339458
space_ga,KNN,5,2.073820386606124
space_ga,SVR,5,0.9307790868584089
space_ga,DT,5,1.4317735817945123
space_ga,RF,5,1.3537100374454505
space_ga,GB,5,1.330074741582606
space_ga,Linear,6,1.3708099497432509
space_ga,KNN,6,1.1809679151786634
space_ga,SVR,6,0.6047999812726483
space_ga,DT,6,1.7431415255684004
space_ga,RF,6,1.2789689415137497
space_ga,GB,6,0.9537627056223198
space_ga,Linear,7,0.8419879719256044
space_ga,KNN,7,0.8783006622201036
space_ga,SVR,7,0.6669044343889595
space_ga,DT,7,1.353950201622039
space_ga,RF,7,0.8175993231740454
space_ga,GB,7,0.7062278188488111
space_ga,Linear,8,1.0907143958029748
space_ga,KNN,8,1.1509411802609542
space_ga,SVR,8,1.0904674102834089
space_ga,DT,8,1.464368928446109
space_ga,RF,8,1.0037887000016803
space_ga,GB,8,0.9617186670482359
space_ga,Linear,9,0.6075144146168941
space_ga,KNN,9,0.6146371714070314
space_ga,SVR,9,0.44981192152276656
space_ga,DT,9,0.8860287305108728
space_ga,RF,9,0.4114660055720241
space_ga,GB,9,0.38432687683495026
treasury,Linear,0,2.3666864271807704
treasury,KNN,0,7.530063159999989
treasury,SVR,0,2.1462315761434376
treasury,DT,0,4.1587175
treasury,RF,0,2.1167438956500497
treasury,GB,0,2.751525255519818
treasury,Linear,1,7.764489812985349
treasury,KNN,1,8.995919320000008
treasury,SVR,1,8.64879163985936
treasury,DT,1,6.177572999999999
treasury,RF,1,9.283565328949903
treasury,GB,1,8.6537657389764
treasury,Linear,2,1.1681982059787819
treasury,KNN,2,1.8430223999999982
treasury,SVR,2,1.0330939422694443
treasury,DT,2,5.492899999999994
treasury,RF,2,3.7902097372500076
treasury,GB,2,1.2021094295269084
treasury,Linear,3,3.1934963376777894
treasury,KNN,3,3.7957708599999944
treasury,SVR,3,3.124779218962609
treasury,DT,3,3.715717000000002
treasury,RF,3,2.795350474400028
treasury,GB,3,3.242697695312918
treasury,Linear,4,1.9938468996746788
treasury,KNN,4,1.809675619999995
treasury,SVR,4,1.885422355827696
treasury,DT,4,3.4739624999999887
treasury,RF,4,1.9616761213999385
treasury,GB,4,2.781315268717184
treasury,Linear,5,2.5376268999764204
treasury,KNN,5,2.253960419999998
treasury,SVR,5,2.050432201652047
treasury,DT,5,3.3007144999999998
treasury,RF,5,2.4110845109000056
treasury,GB,5,2.387417989850539
treasury,Linear,6,3.2609583809492486
treasury,KNN,6,6.50109764
treasury,SVR,6,4.191296768719501
treasury,DT,6,5.811658999999999
treasury,RF,6,5.6058886238001575
treasury,GB,6,4.199296141875686
treasury,Linear,7,1.3990657670273752
treasury,KNN,7,2.183420279999996
treasury,SVR,7,1.1780252364522434
treasury,DT,7,2.844493999999993
treasury,RF,7,1.481495959049959
treasury,GB,7,1.745679631483663
treasury,Linear,8,1.772620924717376
treasury,KNN,8,0.9448099200000013
treasury,SVR,8,0.8622644331022755
treasury,DT,8,3.3758995000000027
treasury,RF,8,0.6792274789500179
treasury,GB,8,0.6444246490659348
treasury,Linear,9,2.154578894841594
treasury,KNN,9,4.0092511799999935
treasury,SVR,9,2.045957240820213
treasury,DT,9,2.757063499999999
treasury,RF,9,3.388497644749964
treasury,GB,9,4.098045463351615
triazines,Linear,0,0.46898690882132416
triazines,KNN,0,0.1987241434
triazines,SVR,0,0.3067546347958827
triazines,DT,0,0.36433466
triazines,RF,0,0.24021084974111256
triazines,GB,0,0.2006876446663947
triazines,Linear,1,0.10193291831883727
triazines,KNN,1,0.10831506720000007
triazines,SVR,1,0.1373271002830417
triazines,DT,1,0.27360466
triazines,RF,1,0.13749566140381247
triazines,GB,1,0.15681606357817354
triazines,Linear,2,0.12802691991932888
triazines,KNN,2,0.33281063159999996
triazines,SVR,2,0.24073382148261904
triazines,DT,2,0.12299430499999997
triazines,RF,2,0.0777544047420672
triazines,GB,2,0.09557345047567158
triazines,Linear,3,0.005242611184628189
triazines,KNN,3,0.0044420316
triazines,SVR,3,0.0029270855478961784
triazines,DT,3,0.0026578900000000004
triazines,RF,3,0.002511042062451252
triazines,GB,3,0.0025721776797195646
triazines,Linear,4,0.6620429439729562
triazines,KNN,4,0.37890647760000007
triazines,SVR,4,0.3819161586714011
triazines,DT,4,0.7362572262500001
triazines,RF,4,0.32713768543161453
triazines,GB,4,0.2137876540086263
triazines,Linear,5,0.004643707330274437
triazines,KNN,5,0.0023842726000000004
triazines,SVR,5,0.002467359251508186
triazines,DT,5,0.0031485799999999998
triazines,RF,5,0.0013963848015693886
triazines,GB,5,0.0019347467889606897
triazines,Linear,6,0.006396411474061668
triazines,KNN,6,0.0035101268000000004
triazines,SVR,6,0.0029525642126375148
triazines,DT,6,0.004873875000000001
triazines,RF,6,0.0031377352788358177
triazines,GB,6,0.0025095524781537986
triazines,Linear,7,0.2914415662350707
triazines,KNN,7,0.16181650860000002
triazines,SVR,7,0.21118473259060425
triazines,DT,7,0.19798768000000005
triazines,RF,7,0.18381280811539563
triazines,GB,7,0.23128733794758416
triazines,Linear,8,0.12644514302310705
triazines,KNN,8,0.447738284
triazines,SVR,8,0.3656959298481618
triazines,DT,8,0.11033023499999997
triazines,RF,8,0.056599307421846726
triazines,GB,8,0.08132921137708213
triazines,Linear,9,0.0031349645310890886
triazines,KNN,9,0.0020146208000000002
triazines,SVR,9,0.0018115101996768455
triazines,DT,9,0.0009955962500000004
triazines,RF,9,0.0008449673472314773
triazines,GB,9,0.0008059693607449219
wine_quality,Linear,0,195.3057582545317
wine_quality,KNN,0,160.71980000000002
wine_quality,SVR,0,131.3454034935841
wine_quality,DT,0,199.335
wine_quality,RF,0,118.83170700000001
wine_quality,GB,0,136.9899738569297
wine_quality,Linear,1,276.6374946680332
wine_quality,KNN,1,205.07379999999998
wine_quality,SVR,1,185.76825560547184
wine_quality,DT,1,249.235
wine_quality,RF,1,149.5454795
wine_quality,GB,1,193.29705266823973
wine_quality,Linear,2,205.43338964042576
wine_quality,KNN,2,168.0676
wine_quality,SVR,2,141.70101062895506
wine_quality,DT,2,224.1
wine_quality,RF,2,102.0539565
wine_quality,GB,2,129.2618095583818
wine_quality,Linear,3,256.2341066266188
wine_quality,KNN,3,226.75740000000002
wine_quality,SVR,3,203.02223961659587
wine_quality,DT,3,302.755
wine_quality,RF,3,178.383705
wine_quality,GB,3,224.23122222522665
wine_quality,Linear,4,226.70207158270526
wine_quality,KNN,4,230.6056
wine_quality,SVR,4,183.49466717921305
wine_quality,DT,4,314.11
wine_quality,RF,4,167.3010135
wine_quality,GB,4,184.43697944516651
wine_quality,Linear,5,220.83864599594648
wine_quality,KNN,5,165.3278
wine_quality,SVR,5,162.78529192093964
wine_quality,DT,5,200.99
wine_quality,RF,5,119.5835045
wine_quality,GB,5,164.42761896955122
wine_quality,Linear,6,261.89166007876224
wine_quality,KNN,6,198.37219999999996
wine_quality,SVR,6,187.6861740864409
wine_quality,DT,6,290.925
wine_quality,RF,6,154.86930049999998
wine_quality,GB,6,197.72888841273215
wine_quality,Linear,7,216.38416567481684
wine_quality,KNN,7,186.8746
wine_quality,SVR,7,176.98983961752128
wine_quality,DT,7,230.32500000000002
wine_quality,RF,7,129.99994750000002
wine_quality,GB,7,173.7473741770444
wine_quality,Linear,8,287.6838706757139
wine_quality,KNN,8,187.9958
wine_quality,SVR,8,194.3716810556954
wine_quality,DT,8,260.705
wine_quality,RF,8,170.92506799999998
wine_quality,GB,8,190.87119820192535
wine_quality,Linear,9,195.30459047674682
wine_quality,KNN,9,145.50060000000002
wine_quality,SVR,9,142.29364727201133
wine_quality,DT,9,246.68
wine_quality,RF,9,115.9924675
wine_quality,GB,9,136.89207469329415
